gameId,actionNumber,clock,period,teamId,teamTricode,personId,playerName,playerNameI,xLegacy,yLegacy,shotDistance,shotResult,isFieldGoal,scoreHome,scoreAway,pointsTotal,location,description,actionType,subType,videoAvailable,shotValue,actionId,HOME_PLAYERS_ON,AWAY_PLAYERS_ON
22201218,2,PT12M00.00S,1,0,,0,,,0,0,0,,0,0,0,0,,Start of 1st Period (1:11 PM EST),period,start,0,0,1,1629004-1630177-1630550-1631109-1631121,201937-1626224-1628386-1629731-1630596
22201218,4,PT12M00.00S,1,1610612739,CLE,1628386,Allen,J. Allen,0,0,0,,0,,,0,h,Jump Ball Allen vs. Williams: Tip to Maledon,Jump Ball,,1,0,2,1629004-1630177-1630550-1631109-1631121,201937-1626224-1628386-1629731-1630596
22201218,7,PT11M39.00S,1,1610612766,CHA,1631121,McGowens,B. McGowens,233,20,0,Missed,1,,,0,v,MISS McGowens 3PT Jump Shot,Missed Shot,Jump Shot,1,3,3,1629004-1630177-1630550-1631109-1631121,201937-1626224-1628386-1629731-1630596
22201218,8,PT11M36.00S,1,1610612739,CLE,1628386,Allen,J. Allen,0,0,0,,0,,,0,h,Allen REBOUND (Off:0 Def:1),Rebound,Unknown,1,0,4,1629004-1630177-1630550-1631109-1631121,201937-1626224-1628386-1629731-1630596
22201218,9,PT11M33.00S,1,1610612739,CLE,201937,Rubio,R. Rubio,0,0,0,,0,,,0,h,Rubio Out of Bounds - Bad Pass Turnover Turnover (P1.T1),Turnover,Out of Bounds - Bad Pass Turnover,1,0,5,1629004-1630177-1630550-1631109-1631121,201937-1626224-1628386-1629731-1630596
22201218,10,PT11M16.00S,1,1610612766,CHA,1629004,Mykhailiuk,S. Mykhailiuk,-5,306,31,Missed,1,,,0,v,MISS Mykhailiuk 31' 3PT Jump Shot,Missed Shot,Jump Shot,1,3,6,1629004-1630177-1630550-1631109-1631121,201937-1626224-1628386-1629731-1630596
22201218,11,PT11M12.00S,1,1610612739,CLE,1629731,Wade,D. Wade,0,0,0,,0,,,0,h,Wade REBOUND (Off:0 Def:1),Rebound,Unknown,1,0,7,1629004-1630177-1630550-1631109-1631121,201937-1626224-1628386-1629731-1630596
22201218,12,PT10M57.00S,1,1610612739,CLE,1628386,Allen,J. Allen,-4,8,1,Made,1,2,0,2,h,Allen 1' Cutting Dunk Shot (2 PTS) (Rubio 1 AST),Made Shot,Cutting Dunk Shot,1,2,8,1629004-1630177-1630550-1631109-1631121,201937-1626224-1628386-1629731-1630596
22201218,14,PT10M44.00S,1,1610612766,CHA,1630177,Maledon,T. Maledon,0,0,0,,0,,,0,v,Maledon Lost Ball Turnover (P1.T1),Turnover,Lost Ball,1,0,9,1629004-1630177-1630550-1631109-1631121,201937-1626224-1628386-1629731-1630596
22201218,14,PT10M44.00S,1,1610612739,CLE,1626224,Osman,C. Osman,0,0,0,,0,,,0,h,Osman STEAL (1 STL),,,1,0,10,1629004-1630177-1630550-1631109-1631121,201937-1626224-1628386-1629731-1630596
22201218,16,PT10M35.00S,1,1610612739,CLE,1629731,Wade,D. Wade,-107,236,26,Made,1,5,0,5,h,Wade 26' 3PT Jump Shot (3 PTS) (Osman 1 AST),Made Shot,Jump Shot,1,3,11,1629004-1630177-1630550-1631109-1631121,201937-1626224-1628386-1629731-1630596
22201218,18,PT10M12.00S,1,1610612766,CHA,1630550,Thor,J. Thor,0,0,0,,0,,,0,v,Thor Lost Ball Turnover (P1.T2),Turnover,Lost Ball,1,0,12,1629004-1630177-1630550-1631109-1631121,201937-1626224-1628386-1629731-1630596
22201218,18,PT10M12.00S,1,1610612739,CLE,1629731,Wade,D. Wade,0,0,0,,0,,,0,h,Wade STEAL (1 STL),,,1,0,13,1629004-1630177-1630550-1631109-1631121,201937-1626224-1628386-1629731-1630596
22201218,20,PT10M04.00S,1,1610612739,CLE,1628386,Allen,J. Allen,0,259,26,Missed,1,,,0,h,MISS Allen 26' 3PT Jump Shot,Missed Shot,Jump Shot,1,3,14,1629004-1630177-1630550-1631109-1631121,201937-1626224-1628386-1629731-1630596
22201218,21,PT10M01.00S,1,1610612766,CHA,1630177,Maledon,T. Maledon,0,0,0,,0,,,0,v,Maledon REBOUND (Off:0 Def:1),Rebound,Unknown,1,0,15,1629004-1630177-1630550-1631109-1631121,201937-1626224-1628386-1629731-1630596
22201218,22,PT09M47.00S,1,1610612766,CHA,1630550,Thor,J. Thor,-235,10,24,Missed,1,,,0,v,MISS Thor 24' 3PT Jump Shot,Missed Shot,Jump Shot,1,3,16,1629004-1630177-1630550-1631109-1631121,201937-1626224-1628386-1629731-1630596
22201218,23,PT09M44.00S,1,1610612739,CLE,1629731,Wade,D. Wade,0,0,0,,0,,,0,h,Wade REBOUND (Off:0 Def:2),Rebound,Unknown,1,0,17,1629004-1630177-1630550-1631109-1631121,201937-1626224-1628386-1629731-1630596
22201218,24,PT09M33.00S,1,1610612739,CLE,1630596,Mobley,E. Mobley,42,159,16,Missed,1,,,0,h,MISS E. Mobley 16' Pullup Jump Shot,Missed Shot,Pullup Jump shot,1,2,18,1629004-1630177-1630550-1631109-1631121,201937-1626224-1628386-1629731-1630596
22201218,25,PT09M31.00S,1,1610612739,CLE,1628386,Allen,J. Allen,0,0,0,,0,,,0,h,Allen REBOUND (Off:1 Def:1),Rebound,Unknown,1,0,19,1629004-1630177-1630550-1631109-1631121,201937-1626224-1628386-1629731-1630596
22201218,26,PT09M27.00S,1,1610612739,CLE,1630596,Mobley,E. Mobley,-6,1,1,Made,1,7,0,7,h,E. Mobley 1' Driving Layup (2 PTS) (Allen 1 AST),Made Shot,Driving Layup Shot,1,2,20,1629004-1630177-1630550-1631109-1631121,201937-1626224-1628386-1629731-1630596
22201218,28,PT09M11.00S,1,1610612766,CHA,1631109,Williams,M. Williams,-13,92,9,Made,1,7,2,9,v,Williams 9' Floating Jump Shot (2 PTS) (Mykhailiuk 1 AST),Made Shot,Floating Jump shot,1,2,21,1629004-1630177-1630550-1631109-1631121,201937-1626224-1628386-1629731-1630596
22201218,31,PT08M50.00S,1,1610612739,CLE,201937,Rubio,R. Rubio,-228,132,26,Missed,1,,,0,h,MISS Rubio 26' 3PT Step Back Jump Shot,Missed Shot,Step Back Jump shot,1,3,22,1629004-1630177-1630550-1631109-1631121,201937-1626224-1628386-1629731-1630596
22201218,32,PT08M47.00S,1,1610612766,CHA,1630177,Maledon,T. Maledon,0,0,0,,0,,,0,v,Maledon REBOUND (Off:0 Def:2),Rebound,Unknown,1,0,23,1629004-1630177-1630550-1631109-1631121,201937-1626224-1628386-1629731-1630596
22201218,33,PT08M36.00S,1,1610612766,CHA,1631121,McGowens,B. McGowens,-58,37,7,Missed,1,,,0,v,MISS McGowens 7' Driving Floating Jump Shot,Missed Shot,Driving Floating Jump Shot,1,2,24,1629004-1630177-1630550-1631109-1631121,201937-1626224-1628386-1629731-1630596
22201218,33,PT08M36.00S,1,1610612739,CLE,1629731,Wade,D. Wade,0,0,0,,0,,,0,h,Wade BLOCK (1 BLK),,,1,2,25,1629004-1630177-1630550-1631109-1631121,201937-1626224-1628386-1629731-1630596
22201218,35,PT08M34.00S,1,1610612739,CLE,1630596,Mobley,E. Mobley,0,0,0,,0,,,0,h,E. Mobley REBOUND (Off:0 Def:1),Rebound,Unknown,1,0,26,1629004-1630177-1630550-1631109-1631121,201937-1626224-1628386-1629731-1630596
22201218,61,PT08M29.00S,1,1610612739,CLE,1628386,Allen,J. Allen,0,0,0,,0,,,0,h,Allen Offensive Goaltending Turnover (P1.T2),Turnover,Offensive Goaltending,1,0,27,1629004-1630177-1630550-1631109-1631121,201937-1626224-1628386-1629731-1630596
22201218,39,PT08M11.00S,1,1610612766,CHA,1630550,Thor,J. Thor,-1,105,11,Missed,1,,,0,v,MISS Thor 11' Pullup Jump Shot,Missed Shot,Pullup Jump shot,1,2,28,1629004-1630177-1630550-1631109-1631121,201937-1626224-1628386-1629731-1630596
22201218,40,PT08M08.00S,1,1610612739,CLE,1630596,Mobley,E. Mobley,0,0,0,,0,,,0,h,E. Mobley REBOUND (Off:0 Def:2),Rebound,Unknown,1,0,29,1629004-1630177-1630550-1631109-1631121,201937-1626224-1628386-1629731-1630596
22201218,41,PT08M00.00S,1,1610612739,CLE,1626224,Osman,C. Osman,0,0,0,,0,,,0,h,Osman Traveling Turnover (P1.T3),Turnover,Traveling,1,0,30,1629004-1630177-1630550-1631109-1631121,201937-1626224-1628386-1629731-1630596
22201218,42,PT07M47.00S,1,1610612739,CLE,1629731,Wade,D. Wade,0,0,0,,0,,,0,h,Wade P.FOUL (P1.T1) (K.Cutler),Foul,Personal,1,0,31,1629004-1630177-1630550-1631109-1631121,201937-1626224-1628386-1629731-1630596
22201218,45,PT07M44.00S,1,1610612766,CHA,1631109,Williams,M. Williams,0,0,0,,0,,,0,v,Williams OFF.Foul (P1) (K.Cutler),Foul,Offensive,1,0,32,1629004-1630177-1630550-1631109-1631121,201937-1626224-1628386-1629731-1630596
22201218,47,PT07M44.00S,1,1610612766,CHA,1631109,Williams,M. Williams,0,0,0,,0,,,0,v,Williams Offensive Foul Turnover (P1.T3),Turnover,Offensive Foul Turnover,1,0,33,1629004-1630177-1630550-1631109-1631121,201937-1626224-1628386-1629731-1630596
22201218,48,PT07M30.00S,1,1610612739,CLE,1630596,Mobley,E. Mobley,0,0,0,,0,,,0,h,E. Mobley Step Out of Bounds Turnover (P1.T4),Turnover,Step Out of Bounds Turnover,1,0,34,1629004-1630177-1630550-1631109-1631121,201937-1626224-1628386-1629731-1630596
22201218,49,PT07M20.00S,1,1610612766,CHA,1629004,Mykhailiuk,S. Mykhailiuk,222,140,26,Missed,1,,,0,v,MISS Mykhailiuk 26' 3PT Pullup Jump Shot,Missed Shot,Pullup Jump shot,1,3,35,1629004-1630177-1630550-1631109-1631121,201937-1626224-1628386-1629731-1630596
22201218,50,PT07M17.00S,1,1610612739,CLE,201937,Rubio,R. Rubio,0,0,0,,0,,,0,h,Rubio REBOUND (Off:0 Def:1),Rebound,Unknown,1,0,36,1629004-1630177-1630550-1631109-1631121,201937-1626224-1628386-1629731-1630596
22201218,51,PT07M05.00S,1,1610612739,CLE,201937,Rubio,R. Rubio,-91,95,13,Missed,1,,,0,h,MISS Rubio 13' Fadeaway Jumper,Missed Shot,Fadeaway Jump Shot,1,2,37,1629004-1630177-1630550-1631109-1631121,201937-1626224-1628386-1629731-1630596
22201218,52,PT07M03.00S,1,1610612766,CHA,1631109,Williams,M. Williams,0,0,0,,0,,,0,v,Williams REBOUND (Off:0 Def:1),Rebound,Unknown,1,0,38,1629004-1630177-1630550-1631109-1631121,201937-1626224-1628386-1629731-1630596
22201218,53,PT06M56.00S,1,1610612766,CHA,1630550,Thor,J. Thor,-131,218,25,Missed,1,,,0,v,MISS Thor 25' 3PT Jump Shot,Missed Shot,Jump Shot,1,3,39,1629004-1630177-1630550-1631109-1631121,201937-1626224-1628386-1629731-1630596
22201218,54,PT06M50.00S,1,1610612766,CHA,1629004,Mykhailiuk,S. Mykhailiuk,0,0,0,,0,,,0,v,Mykhailiuk REBOUND (Off:1 Def:0),Rebound,Unknown,1,0,40,1629004-1630177-1630550-1631109-1631121,201937-1626224-1628386-1629731-1630596
22201218,55,PT06M46.00S,1,1610612766,CHA,1630550,Thor,J. Thor,51,82,10,Missed,1,,,0,v,MISS Thor 10' Floating Jump Shot,Missed Shot,Floating Jump shot,1,2,41,1629004-1630177-1630550-1631109-1631121,201937-1626224-1628386-1629731-1630596
22201218,56,PT06M43.00S,1,1610612739,CLE,1628386,Allen,J. Allen,0,0,0,,0,,,0,h,Allen REBOUND (Off:1 Def:2),Rebound,Unknown,1,0,42,1629004-1630177-1630550-1631109-1631121,201937-1626224-1628386-1629731-1630596
22201218,57,PT06M28.00S,1,1610612739,CLE,1629731,Wade,D. Wade,234,76,25,Made,1,10,2,12,h,Wade 25' 3PT Jump Shot (6 PTS) (Rubio 2 AST),Made Shot,Jump Shot,1,3,43,1629004-1630177-1630550-1631109-1631121,201937-1626224-1628386-1629731-1630596
22201218,59,PT06M11.00S,1,1610612739,CLE,201937,Rubio,R. Rubio,0,0,0,,0,,,0,h,Rubio Violation:Kicked Ball (K.Cutler),Violation,Kicked Ball,0,0,44,1629004-1630177-1630550-1631109-1631121,201937-1626224-1628386-1629731-1630596
22201218,60,PT06M11.00S,1,0,,1610612739,,,0,0,0,,0,,,0,h,CAVALIERS Timeout: Regular (Full 1 Short 0),Timeout,Regular,0,0,45,1629004-1630177-1630550-1631109-1631121,201937-1626224-1628386-1629731-1630596
22201218,62,PT06M11.00S,1,1610612766,CHA,1631121,McGowens,B. McGowens,0,0,0,,0,,,0,v,SUB: Bouknight FOR McGowens,Substitution,,0,0,46,1629004-1630177-1630550-1631109-1631121,201937-1626224-1628386-1629731-1630596
22201218,64,PT06M03.00S,1,1610612766,CHA,1629004,Mykhailiuk,S. Mykhailiuk,-1,15,2,Made,1,10,4,14,v,Mykhailiuk 2' Driving Layup (2 PTS),Made Shot,Driving Layup Shot,1,2,47,1629004-1630177-1630550-1631109-1631121,201937-1626224-1628386-1629731-1630596
22201218,65,PT05M44.00S,1,1610612739,CLE,1626224,Osman,C. Osman,-40,97,10,Missed,1,,,0,h,MISS Osman 10' Driving Floating Jump Shot,Missed Shot,Driving Floating Jump Shot,1,2,48,1629004-1630177-1630550-1631109-1631121,201937-1626224-1628386-1629731-1630596
22201218,66,PT05M42.00S,1,1610612739,CLE,1626224,Osman,C. Osman,0,0,0,,0,,,0,h,Osman REBOUND (Off:1 Def:0),Rebound,Unknown,1,0,49,1629004-1630177-1630550-1631109-1631121,201937-1626224-1628386-1629731-1630596
22201218,67,PT05M41.00S,1,1610612739,CLE,201937,Rubio,R. Rubio,-127,230,26,Missed,1,,,0,h,MISS Rubio 26' 3PT Jump Shot,Missed Shot,Jump Shot,1,3,50,1629004-1630177-1630550-1631109-1631121,201937-1626224-1628386-1629731-1630596
22201218,68,PT05M38.00S,1,1610612739,CLE,1628386,Allen,J. Allen,0,0,0,,0,,,0,h,Allen REBOUND (Off:2 Def:2),Rebound,Unknown,1,0,51,1629004-1630177-1630550-1631109-1631121,201937-1626224-1628386-1629731-1630596
22201218,69,PT05M36.00S,1,1610612739,CLE,1628386,Allen,J. Allen,-83,44,9,Missed,1,,,0,h,MISS Allen 9' Hook Shot,Missed Shot,Hook Shot,1,2,52,1629004-1630177-1630550-1631109-1631121,201937-1626224-1628386-1629731-1630596
22201218,70,PT05M36.00S,1,1610612766,CHA,1631109,Williams,M. Williams,0,0,0,,0,,,0,v,Williams REBOUND (Off:0 Def:2),Rebound,Unknown,1,0,53,1629004-1630177-1630550-1631109-1631121,201937-1626224-1628386-1629731-1630596
22201218,71,PT05M23.00S,1,1610612766,CHA,1630177,Maledon,T. Maledon,112,-2,11,Made,1,10,6,16,v,Maledon 11' Step Back Jump Shot (2 PTS),Made Shot,Step Back Jump shot,1,2,54,1629004-1630177-1630550-1631109-1631121,201937-1626224-1628386-1629731-1630596
22201218,72,PT05M00.00S,1,1610612739,CLE,201937,Rubio,R. Rubio,-125,99,16,Missed,1,,,0,h,MISS Rubio 16' Pullup Jump Shot,Missed Shot,Pullup Jump shot,1,2,55,1629004-1630177-1630550-1631109-1631121,201937-1626224-1628386-1629731-1630596
22201218,73,PT04M57.00S,1,0,,1610612739,,,0,0,0,,0,,,0,h,CAVALIERS Rebound,Rebound,Unknown,0,0,56,1629004-1630177-1630550-1631109-1631121,201937-1626224-1628386-1629731-1630596
22201218,75,PT04M57.00S,1,1610612739,CLE,1629731,Wade,D. Wade,0,0,0,,0,,,0,h,SUB: Green FOR Wade,Substitution,,0,0,57,1629004-1630177-1630550-1631109-1631121,201937-1626224-1628386-1629731-1630596
22201218,77,PT04M55.00S,1,1610612739,CLE,1626224,Osman,C. Osman,-233,15,0,Missed,1,,,0,h,MISS Osman 3PT Jump Shot,Missed Shot,Jump Shot,0,3,58,1629004-1630177-1630550-1631109-1631121,201937-1626224-1628386-1629731-1630596
22201218,78,PT04M52.00S,1,1610612766,CHA,1629004,Mykhailiuk,S. Mykhailiuk,0,0,0,,0,,,0,v,Mykhailiuk REBOUND (Off:1 Def:1),Rebound,Unknown,0,0,59,1629004-1630177-1630550-1631109-1631121,201937-1626224-1628386-1629731-1630596
22201218,79,PT04M42.00S,1,1610612766,CHA,1630177,Maledon,T. Maledon,-7,21,2,Missed,1,,,0,v,MISS Maledon 2' Driving Layup,Missed Shot,Driving Layup Shot,1,2,60,1629004-1630177-1630550-1631109-1631121,201937-1626224-1628386-1629731-1630596
22201218,80,PT04M42.00S,1,1610612739,CLE,1628386,Allen,J. Allen,0,0,0,,0,,,0,h,Allen REBOUND (Off:2 Def:3),Rebound,Unknown,1,0,61,1629004-1630177-1630550-1631109-1631121,201937-1626224-1628386-1629731-1630596
22201218,81,PT04M33.00S,1,1610612739,CLE,201980,Green,D. Green,2,256,26,Missed,1,,,0,h,MISS Green 26' 3PT Running Pull-Up Jump Shot,Missed Shot,Running Pull-Up Jump Shot,1,3,62,1629004-1630177-1630550-1631109-1631121,201937-1626224-1628386-1629731-1630596
22201218,82,PT04M30.00S,1,1610612766,CHA,1630547,Bouknight,J. Bouknight,0,0,0,,0,,,0,v,Bouknight REBOUND (Off:0 Def:1),Rebound,Unknown,1,0,63,1629004-1630177-1630550-1631109-1631121,201937-1626224-1628386-1629731-1630596
22201218,83,PT04M28.00S,1,1610612766,CHA,1630547,Bouknight,J. Bouknight,180,184,26,Missed,1,,,0,v,MISS Bouknight 26' 3PT Running Pull-Up Jump Shot,Missed Shot,Running Pull-Up Jump Shot,1,3,64,1629004-1630177-1630550-1631109-1631121,201937-1626224-1628386-1629731-1630596
22201218,84,PT04M24.00S,1,1610612739,CLE,1630596,Mobley,E. Mobley,0,0,0,,0,,,0,h,E. Mobley REBOUND (Off:0 Def:3),Rebound,Unknown,1,0,65,1629004-1630177-1630550-1631109-1631121,201937-1626224-1628386-1629731-1630596
22201218,85,PT04M16.00S,1,1610612739,CLE,201980,Green,D. Green,-62,68,9,Made,1,12,6,18,h,Green 9' Floating Jump Shot (2 PTS) (Rubio 3 AST),Made Shot,Floating Jump shot,1,2,66,1629004-1630177-1630550-1631109-1631121,201937-1626224-1628386-1629731-1630596
22201218,87,PT03M59.00S,1,1610612766,CHA,1630177,Maledon,T. Maledon,218,145,26,Missed,1,,,0,v,MISS Maledon 26' 3PT Jump Shot,Missed Shot,Jump Shot,1,3,67,1629004-1630177-1630550-1631109-1631121,201937-1626224-1628386-1629731-1630596
22201218,88,PT03M59.00S,1,1610612766,CHA,1631109,Williams,M. Williams,0,0,0,,0,,,0,v,Williams REBOUND (Off:1 Def:2),Rebound,Unknown,1,0,68,1629004-1630177-1630550-1631109-1631121,201937-1626224-1628386-1629731-1630596
22201218,89,PT03M53.00S,1,1610612766,CHA,1631109,Williams,M. Williams,0,0,0,Made,1,12,8,20,v,Williams Tip Layup Shot (4 PTS),Made Shot,Tip Layup Shot,1,2,69,1629004-1630177-1630550-1631109-1631121,201937-1626224-1628386-1629731-1630596
22201218,90,PT03M40.00S,1,1610612739,CLE,1626224,Osman,C. Osman,0,0,0,,0,,,0,h,Osman Bad Pass Turnover (P2.T5),Turnover,Bad Pass,1,0,70,1629004-1630177-1630550-1631109-1631121,201937-1626224-1628386-1629731-1630596
22201218,90,PT03M40.00S,1,1610612766,CHA,1629004,Mykhailiuk,S. Mykhailiuk,0,0,0,,0,,,0,v,Mykhailiuk STEAL (1 STL),,,1,0,71,1629004-1630177-1630550-1631109-1631121,201937-1626224-1628386-1629731-1630596
22201218,92,PT03M36.00S,1,1610612766,CHA,1629004,Mykhailiuk,S. Mykhailiuk,-10,16,2,Made,1,12,10,22,v,Mykhailiuk 2' Running Layup (4 PTS),Made Shot,Running Layup Shot,1,2,72,1629004-1630177-1630550-1631109-1631121,201937-1626224-1628386-1629731-1630596
22201218,93,PT03M27.00S,1,1610612739,CLE,201937,Rubio,R. Rubio,0,0,0,,0,,,0,h,Rubio Bad Pass Turnover (P2.T6),Turnover,Bad Pass,1,0,73,1629004-1630177-1630550-1631109-1631121,201937-1626224-1628386-1629731-1630596
22201218,93,PT03M27.00S,1,1610612766,CHA,1630177,Maledon,T. Maledon,0,0,0,,0,,,0,v,Maledon STEAL (1 STL),,,1,0,74,1629004-1630177-1630550-1631109-1631121,201937-1626224-1628386-1629731-1630596
22201218,95,PT03M15.00S,1,1610612766,CHA,1631109,Williams,M. Williams,17,15,2,Missed,1,,,0,v,MISS Williams 2' Layup,Missed Shot,Layup Shot,1,2,75,1629004-1630177-1630550-1631109-1631121,201937-1626224-1628386-1629731-1630596
22201218,95,PT03M15.00S,1,1610612739,CLE,1628386,Allen,J. Allen,0,0,0,,0,,,0,h,Allen BLOCK (1 BLK),,,1,2,76,1629004-1630177-1630550-1631109-1631121,201937-1626224-1628386-1629731-1630596
22201218,97,PT03M13.00S,1,1610612766,CHA,1629004,Mykhailiuk,S. Mykhailiuk,0,0,0,,0,,,0,v,Mykhailiuk REBOUND (Off:2 Def:1),Rebound,Unknown,1,0,77,1629004-1630177-1630550-1631109-1631121,201937-1626224-1628386-1629731-1630596
22201218,98,PT03M07.00S,1,1610612766,CHA,1629004,Mykhailiuk,S. Mykhailiuk,-225,114,25,Missed,1,,,0,v,MISS Mykhailiuk 25' 3PT Pullup Jump Shot,Missed Shot,Pullup Jump shot,1,3,78,1629004-1630177-1630550-1631109-1631121,201937-1626224-1628386-1629731-1630596
22201218,99,PT03M06.00S,1,1610612739,CLE,201980,Green,D. Green,0,0,0,,0,,,0,h,Green REBOUND (Off:0 Def:1),Rebound,Unknown,1,0,79,1629004-1630177-1630550-1631109-1631121,201937-1626224-1628386-1629731-1630596
22201218,100,PT03M01.00S,1,1610612739,CLE,201980,Green,D. Green,210,137,25,Made,1,15,10,25,h,Green 25' 3PT Jump Shot (5 PTS) (Rubio 4 AST),Made Shot,Jump Shot,1,3,80,1629004-1630177-1630550-1631109-1631121,201937-1626224-1628386-1629731-1630596
22201218,102,PT02M50.00S,1,1610612766,CHA,1631109,Williams,M. Williams,-70,147,16,Made,1,15,12,27,v,Williams 16' Jump Shot (6 PTS) (Maledon 1 AST),Made Shot,Jump Shot,1,2,81,1629004-1630177-1630550-1631109-1631121,201937-1626224-1628386-1629731-1630596
22201218,104,PT02M32.00S,1,1610612739,CLE,1630596,Mobley,E. Mobley,-25,83,9,Missed,1,,,0,h,MISS E. Mobley 9' Turnaround Hook Shot,Missed Shot,Turnaround Hook Shot,1,2,82,1629004-1630177-1630550-1631109-1631121,201937-1626224-1628386-1629731-1630596
22201218,105,PT02M30.00S,1,1610612739,CLE,1630596,Mobley,E. Mobley,0,0,0,,0,,,0,h,E. Mobley REBOUND (Off:1 Def:3),Rebound,Unknown,1,0,83,1629004-1630177-1630550-1631109-1631121,201937-1626224-1628386-1629731-1630596
22201218,106,PT02M30.00S,1,1610612739,CLE,1630596,Mobley,E. Mobley,0,0,0,Missed,1,,,0,h,MISS E. Mobley Tip Layup Shot,Missed Shot,Tip Layup Shot,1,2,84,1629004-1630177-1630550-1631109-1631121,201937-1626224-1628386-1629731-1630596
22201218,107,PT02M28.00S,1,1610612739,CLE,1630596,Mobley,E. Mobley,0,0,0,,0,,,0,h,E. Mobley REBOUND (Off:2 Def:3),Rebound,Unknown,1,0,85,1629004-1630177-1630550-1631109-1631121,201937-1626224-1628386-1629731-1630596
22201218,108,PT02M26.00S,1,1610612739,CLE,1630596,Mobley,E. Mobley,0,0,0,Made,1,17,12,29,h,E. Mobley Tip Layup Shot (4 PTS),Made Shot,Tip Layup Shot,1,2,86,1629004-1630177-1630550-1631109-1631121,201937-1626224-1628386-1629731-1630596
22201218,109,PT02M09.00S,1,1610612766,CHA,1630550,Thor,J. Thor,-238,17,24,Missed,1,,,0,v,MISS Thor 24' 3PT Jump Shot,Missed Shot,Jump Shot,1,3,87,1629004-1630177-1630550-1631109-1631121,201937-1626224-1628386-1629731-1630596
22201218,110,PT02M06.00S,1,1610612739,CLE,1628386,Allen,J. Allen,0,0,0,,0,,,0,h,Allen REBOUND (Off:2 Def:4),Rebound,Unknown,1,0,88,1629004-1630177-1630550-1631109-1631121,201937-1626224-1628386-1629731-1630596
22201218,111,PT01M54.00S,1,1610612739,CLE,1626224,Osman,C. Osman,6,7,1,Made,1,19,12,31,h,Osman 1' Driving Layup (2 PTS),Made Shot,Driving Layup Shot,1,2,89,1629004-1630177-1630550-1631109-1631121,201937-1626224-1628386-1629731-1630596
22201218,112,PT01M37.00S,1,1610612766,CHA,1630547,Bouknight,J. Bouknight,-127,245,28,Missed,1,,,0,v,MISS Bouknight 28' 3PT Jump Shot,Missed Shot,Jump Shot,1,3,90,1629004-1630177-1630550-1631109-1631121,201937-1626224-1628386-1629731-1630596
22201218,113,PT01M33.00S,1,1610612739,CLE,201980,Green,D. Green,0,0,0,,0,,,0,h,Green REBOUND (Off:0 Def:2),Rebound,Unknown,1,0,91,1629004-1630177-1630550-1631109-1631121,201937-1626224-1628386-1629731-1630596
22201218,114,PT01M26.00S,1,1610612739,CLE,201980,Green,D. Green,0,0,0,,0,,,0,h,Green Out of Bounds - Bad Pass Turnover Turnover (P1.T7),Turnover,Out of Bounds - Bad Pass Turnover,1,0,92,1629004-1630177-1630550-1631109-1631121,201937-1626224-1628386-1629731-1630596
22201218,115,PT01M26.00S,1,0,,1610612766,,,0,0,0,,0,,,0,v,Hornets Timeout: Regular (Reg.1 Short 0),Timeout,Regular,0,0,93,1629004-1630177-1630550-1631109-1631121,201937-1626224-1628386-1629731-1630596
22201218,116,PT01M26.00S,1,1610612739,CLE,201937,Rubio,R. Rubio,0,0,0,,0,,,0,h,SUB: Neto FOR Rubio,Substitution,,0,0,94,1629004-1630177-1630550-1631109-1631121,201937-1626224-1628386-1629731-1630596
22201218,117,PT01M26.00S,1,1610612766,CHA,1631109,Williams,M. Williams,0,0,0,,0,,,0,v,SUB: Richards FOR Williams,Substitution,,0,0,95,1629004-1630177-1630550-1631109-1631121,201937-1626224-1628386-1629731-1630596
22201218,118,PT01M26.00S,1,1610612766,CHA,1630177,Maledon,T. Maledon,0,0,0,,0,,,0,v,SUB: McGowens FOR Maledon,Substitution,,0,0,96,1629004-1630177-1630550-1631109-1631121,201937-1626224-1628386-1629731-1630596
22201218,119,PT01M26.00S,1,1610612766,CHA,1629004,Mykhailiuk,S. Mykhailiuk,0,0,0,,0,,,0,v,SUB: Simmons FOR Mykhailiuk,Substitution,,0,0,97,1629004-1630177-1630550-1631109-1631121,201937-1626224-1628386-1629731-1630596
22201218,120,PT01M26.00S,1,1610612766,CHA,1630550,Thor,J. Thor,0,0,0,,0,,,0,v,SUB: Jones FOR Thor,Substitution,,0,0,98,1629004-1630177-1630550-1631109-1631121,201937-1626224-1628386-1629731-1630596
22201218,126,PT01M11.00S,1,1610612766,CHA,1630539,Jones,K. Jones,-174,189,26,Missed,1,,,0,v,MISS Jones 26' 3PT Jump Shot,Missed Shot,Jump Shot,1,3,99,1629004-1630177-1630550-1631109-1631121,201937-1626224-1628386-1629731-1630596
22201218,127,PT01M07.00S,1,1610612739,CLE,1626224,Osman,C. Osman,0,0,0,,0,,,0,h,Osman REBOUND (Off:1 Def:1),Rebound,Unknown,1,0,100,1629004-1630177-1630550-1631109-1631121,201937-1626224-1628386-1629731-1630596
22201218,128,PT00M59.90S,1,1610612739,CLE,1630596,Mobley,E. Mobley,4,16,2,Missed,1,,,0,h,MISS E. Mobley 2' Alley Oop Dunk,Missed Shot,Alley Oop Dunk Shot,1,2,101,1629004-1630177-1630550-1631109-1631121,201937-1626224-1628386-1629731-1630596
22201218,129,PT00M57.30S,1,1610612739,CLE,203526,Neto,R. Neto,0,0,0,,0,,,0,h,Neto REBOUND (Off:1 Def:0),Rebound,Unknown,1,0,102,1629004-1630177-1630550-1631109-1631121,201937-1626224-1628386-1629731-1630596
22201218,130,PT00M56.80S,1,1610612739,CLE,1630596,Mobley,E. Mobley,11,-4,1,Made,1,21,12,33,h,E. Mobley 1' Dunk (6 PTS) (Neto 1 AST),Made Shot,Dunk Shot,1,2,103,1629004-1630177-1630550-1631109-1631121,201937-1626224-1628386-1629731-1630596
22201218,132,PT00M45.30S,1,1610612766,CHA,1631121,McGowens,B. McGowens,-44,59,7,Made,1,21,14,35,v,McGowens 7' Driving Floating Jump Shot (2 PTS),Made Shot,Driving Floating Jump Shot,1,2,104,1629004-1630177-1630550-1631109-1631121,201937-1626224-1628386-1629731-1630596
22201218,133,PT00M45.30S,1,1610612739,CLE,1626224,Osman,C. Osman,0,0,0,,0,,,0,h,Osman S.FOUL (P1.T2) (K.Cutler),Foul,Shooting,1,0,105,1629004-1630177-1630550-1631109-1631121,201937-1626224-1628386-1629731-1630596
22201218,135,PT00M45.30S,1,1610612766,CHA,1631121,McGowens,B. McGowens,0,0,0,,0,21,15,36,v,McGowens Free Throw 1 of 1 (3 PTS),Free Throw,Free Throw 1 of 1,1,0,106,1629004-1630177-1630550-1631109-1631121,201937-1626224-1628386-1629731-1630596
22201218,136,PT00M29.90S,1,1610612739,CLE,201980,Green,D. Green,6,8,1,Made,1,23,15,38,h,Green 1' Layup (7 PTS),Made Shot,Layup Shot,1,2,107,1629004-1630177-1630550-1631109-1631121,201937-1626224-1628386-1629731-1630596
22201218,137,PT00M17.70S,1,1610612739,CLE,1626224,Osman,C. Osman,0,0,0,,0,,,0,h,Osman P.FOUL (P2.PN) (B.Nansel),Foul,Personal,1,0,108,1629004-1630177-1630550-1631109-1631121,201937-1626224-1628386-1629731-1630596
22201218,139,PT00M17.70S,1,1610612766,CHA,1631121,McGowens,B. McGowens,0,0,0,,0,23,16,39,v,McGowens Free Throw 1 of 2 (4 PTS),Free Throw,Free Throw 1 of 2,1,0,109,1629004-1630177-1630550-1631109-1631121,201937-1626224-1628386-1629731-1630596
22201218,140,PT00M17.70S,1,1610612766,CHA,1631121,McGowens,B. McGowens,0,0,0,,0,23,17,40,v,McGowens Free Throw 2 of 2 (5 PTS),Free Throw,Free Throw 2 of 2,1,0,110,1629004-1630177-1630550-1631109-1631121,201937-1626224-1628386-1629731-1630596
22201218,141,PT00M03.50S,1,1610612739,CLE,1628386,Allen,J. Allen,-9,15,2,Made,1,25,17,42,h,Allen 2' Cutting Dunk Shot (4 PTS) (Neto 2 AST),Made Shot,Cutting Dunk Shot,1,2,111,1629004-1630177-1630550-1631109-1631121,201937-1626224-1628386-1629731-1630596
22201218,143,PT00M00.00S,1,1610612766,CHA,1630547,Bouknight,J. Bouknight,113,262,29,Missed,1,,,0,v,MISS Bouknight 29' 3PT Pullup Jump Shot,Missed Shot,Pullup Jump shot,1,3,112,1629004-1630177-1630550-1631109-1631121,201937-1626224-1628386-1629731-1630596
22201218,144,PT00M00.00S,1,0,,1610612766,,,0,0,0,,0,,,0,v,Hornets Rebound,Rebound,Unknown,0,0,113,1629004-1630177-1630550-1631109-1631121,201937-1626224-1628386-1629731-1630596
22201218,145,PT00M00.00S,1,0,,0,,,0,0,0,,0,25,17,42,,End of 1st Period (1:33 PM EST),period,end,1,0,114,1629004-1630177-1630550-1631109-1631121,201937-1626224-1628386-1629731-1630596
22201218,156,PT12M00.00S,2,0,,0,,,0,0,0,,0,25,17,42,,Start of 2nd Period (1:35 PM EST),period,start,0,0,115,1629004-1630177-1630550-1631109-1631121,201937-1626224-1628386-1629731-1630596
22201218,157,PT11M44.00S,2,1610612766,CHA,1630539,Jones,K. Jones,0,0,0,,0,,,0,v,Jones P.FOUL (P1.T1) (B.Nansel),Foul,Personal,1,0,116,1629004-1630177-1630550-1631109-1631121,201937-1626224-1628386-1629731-1630596
22201218,159,PT11M35.00S,2,1610612739,CLE,1629731,Wade,D. Wade,1,97,10,Missed,1,,,0,h,MISS Wade 10' Turnaround Fadeaway Shot,Missed Shot,Turnaround Fadeaway shot,1,2,117,1629004-1630177-1630550-1631109-1631121,201937-1626224-1628386-1629731-1630596
22201218,160,PT11M33.00S,2,1610612766,CHA,1631121,McGowens,B. McGowens,0,0,0,,0,,,0,v,McGowens REBOUND (Off:0 Def:1),Rebound,Unknown,1,0,118,1629004-1630177-1630550-1631109-1631121,201937-1626224-1628386-1629731-1630596
22201218,161,PT11M27.00S,2,1610612739,CLE,201980,Green,D. Green,0,0,0,,0,,,0,h,Green S.FOUL (P1.T1) (B.Nansel),Foul,Shooting,1,0,119,1629004-1630177-1630550-1631109-1631121,201937-1626224-1628386-1629731-1630596
22201218,163,PT11M27.00S,2,1610612766,CHA,1630208,Richards,N. Richards,0,0,0,,0,25,18,43,v,Richards Free Throw 1 of 2 (1 PTS),Free Throw,Free Throw 1 of 2,1,0,120,1629004-1630177-1630550-1631109-1631121,201937-1626224-1628386-1629731-1630596
22201218,164,PT11M27.00S,2,1610612766,CHA,1630208,Richards,N. Richards,0,0,0,,0,25,19,44,v,Richards Free Throw 2 of 2 (2 PTS),Free Throw,Free Throw 2 of 2,1,0,121,1629004-1630177-1630550-1631109-1631121,201937-1626224-1628386-1629731-1630596
22201218,165,PT11M15.00S,2,1610612739,CLE,201577,Lopez,R. Lopez,0,0,0,,0,,,0,h,Lopez Traveling Turnover (P1.T8),Turnover,Traveling,1,0,122,1629004-1630177-1630550-1631109-1631121,201937-1626224-1628386-1629731-1630596
22201218,166,PT10M58.00S,2,1610612766,CHA,1630208,Richards,N. Richards,0,0,0,,0,,,0,v,Richards Lost Ball Turnover (P1.T4),Turnover,Lost Ball,1,0,123,1629004-1630177-1630550-1631109-1631121,201937-1626224-1628386-1629731-1630596
22201218,166,PT10M58.00S,2,1610612739,CLE,1629731,Wade,D. Wade,0,0,0,,0,,,0,h,Wade STEAL (2 STL),,,1,0,124,1629004-1630177-1630550-1631109-1631121,201937-1626224-1628386-1629731-1630596
22201218,168,PT10M53.00S,2,1610612739,CLE,1630205,Stevens,L. Stevens,5,6,1,Made,1,27,19,46,h,Stevens 1' Running Dunk (2 PTS) (Wade 1 AST),Made Shot,Running Dunk Shot,1,2,125,1629004-1630177-1630550-1631109-1631121,201937-1626224-1628386-1629731-1630596
22201218,170,PT10M45.00S,2,1610612739,CLE,203526,Neto,R. Neto,0,0,0,,0,,,0,h,Neto P.FOUL (P1.T2) (M.Boland),Foul,Personal,1,0,126,1629004-1630177-1630550-1631109-1631121,201937-1626224-1628386-1629731-1630596
22201218,172,PT10M40.00S,2,1610612766,CHA,1630177,Maledon,T. Maledon,134,226,26,Missed,1,,,0,v,MISS Maledon 26' 3PT Jump Shot,Missed Shot,Jump Shot,1,3,127,1629004-1630177-1630550-1631109-1631121,201937-1626224-1628386-1629731-1630596
22201218,173,PT10M37.00S,2,1610612739,CLE,1630205,Stevens,L. Stevens,0,0,0,,0,,,0,h,Stevens REBOUND (Off:0 Def:1),Rebound,Unknown,1,0,128,1629004-1630177-1630550-1631109-1631121,201937-1626224-1628386-1629731-1630596
22201218,174,PT10M29.00S,2,1610612739,CLE,1629731,Wade,D. Wade,232,43,24,Missed,1,,,0,h,MISS Wade 24' 3PT Jump Shot,Missed Shot,Jump Shot,1,3,129,1629004-1630177-1630550-1631109-1631121,201937-1626224-1628386-1629731-1630596
22201218,175,PT10M27.00S,2,1610612766,CHA,1629004,Mykhailiuk,S. Mykhailiuk,0,0,0,,0,,,0,v,Mykhailiuk REBOUND (Off:2 Def:2),Rebound,Unknown,1,0,130,1629004-1630177-1630550-1631109-1631121,201937-1626224-1628386-1629731-1630596
22201218,176,PT10M27.00S,2,1610612739,CLE,203526,Neto,R. Neto,0,0,0,,0,,,0,h,Neto P.FOUL (P2.T3) (M.Boland),Foul,Personal,1,0,131,1629004-1630177-1630550-1631109-1631121,201937-1626224-1628386-1629731-1630596
22201218,178,PT10M14.00S,2,1610612739,CLE,201980,Green,D. Green,0,0,0,,0,,,0,h,Green S.FOUL (P2.T4) (B.Nansel),Foul,Shooting,1,0,132,1629004-1630177-1630550-1631109-1631121,201937-1626224-1628386-1629731-1630596
22201218,180,PT10M14.00S,2,1610612766,CHA,1629004,Mykhailiuk,S. Mykhailiuk,0,0,0,,0,27,20,47,v,Mykhailiuk Free Throw 1 of 2 (5 PTS),Free Throw,Free Throw 1 of 2,1,0,133,1629004-1630177-1630550-1631109-1631121,201937-1626224-1628386-1629731-1630596
22201218,181,PT10M14.00S,2,1610612766,CHA,1629004,Mykhailiuk,S. Mykhailiuk,0,0,0,,0,27,21,48,v,Mykhailiuk Free Throw 2 of 2 (6 PTS),Free Throw,Free Throw 2 of 2,0,0,134,1629004-1630177-1630550-1631109-1631121,201937-1626224-1628386-1629731-1630596
22201218,182,PT09M57.00S,2,1610612739,CLE,203526,Neto,R. Neto,0,0,0,,0,,,0,h,Neto Bad Pass Turnover (P1.T9),Turnover,Bad Pass,1,0,135,1629004-1630177-1630550-1631109-1631121,201937-1626224-1628386-1629731-1630596
22201218,182,PT09M57.00S,2,1610612766,CHA,1630539,Jones,K. Jones,0,0,0,,0,,,0,v,Jones STEAL (1 STL),,,1,0,136,1629004-1630177-1630550-1631109-1631121,201937-1626224-1628386-1629731-1630596
22201218,184,PT09M53.00S,2,1610612739,CLE,203526,Neto,R. Neto,0,0,0,,0,,,0,h,Neto P.FOUL (P3.PN) (B.Nansel),Foul,Personal,1,0,137,1629004-1630177-1630550-1631109-1631121,201937-1626224-1628386-1629731-1630596
22201218,186,PT09M53.00S,2,1610612766,CHA,1631121,McGowens,B. McGowens,0,0,0,,0,27,22,49,v,McGowens Free Throw 1 of 2 (6 PTS),Free Throw,Free Throw 1 of 2,1,0,138,1629004-1630177-1630550-1631109-1631121,201937-1626224-1628386-1629731-1630596
22201218,187,PT09M53.00S,2,1610612739,CLE,203526,Neto,R. Neto,0,0,0,,0,,,0,h,SUB: Rubio FOR Neto,Substitution,,0,0,139,1629004-1630177-1630550-1631109-1631121,201937-1626224-1628386-1629731-1630596
22201218,189,PT09M53.00S,2,1610612766,CHA,1631121,McGowens,B. McGowens,0,0,0,,0,27,23,50,v,McGowens Free Throw 2 of 2 (7 PTS),Free Throw,Free Throw 2 of 2,1,0,140,1629004-1630177-1630550-1631109-1631121,201937-1626224-1628386-1629731-1630596
22201218,190,PT09M43.00S,2,1610612739,CLE,201937,Rubio,R. Rubio,9,5,1,Missed,1,,,0,h,MISS Rubio 1' Driving Layup,Missed Shot,Driving Layup Shot,1,2,141,1629004-1630177-1630550-1631109-1631121,201937-1626224-1628386-1629731-1630596
22201218,192,PT09M42.00S,2,1610612766,CHA,1630208,Richards,N. Richards,0,0,0,,0,,,0,v,Richards REBOUND (Off:0 Def:1),Rebound,Unknown,1,0,142,1629004-1630177-1630550-1631109-1631121,201937-1626224-1628386-1629731-1630596
22201218,194,PT09M42.00S,2,1610612766,CHA,1631121,McGowens,B. McGowens,0,0,0,,0,,,0,v,SUB: Bouknight FOR McGowens,Substitution,,0,0,143,1629004-1630177-1630550-1631109-1631121,201937-1626224-1628386-1629731-1630596
22201218,196,PT09M25.00S,2,1610612766,CHA,1630208,Richards,N. Richards,0,0,0,,0,,,0,v,Richards Traveling Turnover (P2.T5),Turnover,Traveling,1,0,144,1629004-1630177-1630550-1631109-1631121,201937-1626224-1628386-1629731-1630596
22201218,197,PT09M13.00S,2,1610612739,CLE,201980,Green,D. Green,94,230,25,Made,1,30,23,53,h,Green 25' 3PT Turnaround Jump Shot (10 PTS) (Lopez 1 AST),Made Shot,Turnaround Jump Shot,1,3,145,1629004-1630177-1630550-1631109-1631121,201937-1626224-1628386-1629731-1630596
22201218,199,PT09M01.00S,2,1610612766,CHA,1630547,Bouknight,J. Bouknight,51,93,11,Made,1,30,25,55,v,Bouknight 11' Driving Floating Jump Shot (2 PTS) (Mykhailiuk 2 AST),Made Shot,Driving Floating Jump Shot,1,2,146,1629004-1630177-1630550-1631109-1631121,201937-1626224-1628386-1629731-1630596
22201218,200,PT09M01.00S,2,1610612739,CLE,1630205,Stevens,L. Stevens,0,0,0,,0,,,0,h,Stevens S.FOUL (P1.PN) (M.Boland),Foul,Shooting,1,0,147,1629004-1630177-1630550-1631109-1631121,201937-1626224-1628386-1629731-1630596
22201218,202,PT09M01.00S,2,1610612766,CHA,1630547,Bouknight,J. Bouknight,0,0,0,,0,30,26,56,v,Bouknight Free Throw 1 of 1 (3 PTS),Free Throw,Free Throw 1 of 1,1,0,148,1629004-1630177-1630550-1631109-1631121,201937-1626224-1628386-1629731-1630596
22201218,203,PT08M49.00S,2,1610612739,CLE,201980,Green,D. Green,38,257,26,Made,1,33,26,59,h,Green 26' 3PT Jump Shot (13 PTS) (Rubio 5 AST),Made Shot,Jump Shot,1,3,149,1629004-1630177-1630550-1631109-1631121,201937-1626224-1628386-1629731-1630596
22201218,205,PT08M37.00S,2,1610612766,CHA,1629004,Mykhailiuk,S. Mykhailiuk,-87,246,26,Missed,1,,,0,v,MISS Mykhailiuk 26' 3PT Pullup Jump Shot,Missed Shot,Pullup Jump shot,1,3,150,1629004-1630177-1630550-1631109-1631121,201937-1626224-1628386-1629731-1630596
22201218,206,PT08M36.00S,2,1610612766,CHA,1630208,Richards,N. Richards,0,0,0,,0,,,0,v,Richards REBOUND (Off:1 Def:1),Rebound,Unknown,1,0,151,1629004-1630177-1630550-1631109-1631121,201937-1626224-1628386-1629731-1630596
22201218,245,PT08M35.00S,2,1610612766,CHA,1630208,Richards,N. Richards,0,11,1,Missed,1,,,0,v,MISS Richards 1' Putback Layup,Missed Shot,Putback Layup Shot,1,2,152,1629004-1630177-1630550-1631109-1631121,201937-1626224-1628386-1629731-1630596
22201218,245,PT08M35.00S,2,1610612739,CLE,201980,Green,D. Green,0,0,0,,0,,,0,h,Green BLOCK (1 BLK),,,1,2,153,1629004-1630177-1630550-1631109-1631121,201937-1626224-1628386-1629731-1630596
22201218,247,PT08M35.00S,2,1610612739,CLE,201937,Rubio,R. Rubio,0,0,0,,0,,,0,h,Rubio REBOUND (Off:0 Def:2),Rebound,Unknown,1,0,154,1629004-1630177-1630550-1631109-1631121,201937-1626224-1628386-1629731-1630596
22201218,209,PT08M28.00S,2,1610612739,CLE,201980,Green,D. Green,-186,172,25,Missed,1,,,0,h,MISS Green 25' 3PT Running Jump Shot,Missed Shot,Running Jump Shot,1,3,155,1629004-1630177-1630550-1631109-1631121,201937-1626224-1628386-1629731-1630596
22201218,210,PT08M24.00S,2,1610612766,CHA,1630177,Maledon,T. Maledon,0,0,0,,0,,,0,v,Maledon REBOUND (Off:0 Def:3),Rebound,Unknown,1,0,156,1629004-1630177-1630550-1631109-1631121,201937-1626224-1628386-1629731-1630596
22201218,211,PT08M18.00S,2,1610612766,CHA,1630177,Maledon,T. Maledon,18,93,9,Made,1,33,28,61,v,Maledon 9' Driving Floating Jump Shot (4 PTS),Made Shot,Driving Floating Jump Shot,1,2,157,1629004-1630177-1630550-1631109-1631121,201937-1626224-1628386-1629731-1630596
22201218,212,PT07M56.00S,2,1610612766,CHA,1630539,Jones,K. Jones,0,0,0,,0,,,0,v,Jones S.FOUL (P2.T2) (K.Cutler),Foul,Shooting,1,0,158,1629004-1630177-1630550-1631109-1631121,201937-1626224-1628386-1629731-1630596
22201218,214,PT07M56.00S,2,1610612739,CLE,201577,Lopez,R. Lopez,0,0,0,,0,34,28,62,h,Lopez Free Throw 1 of 2 (1 PTS),Free Throw,Free Throw 1 of 2,1,0,159,1629004-1630177-1630550-1631109-1631121,201937-1626224-1628386-1629731-1630596
22201218,215,PT07M56.00S,2,1610612739,CLE,201980,Green,D. Green,0,0,0,,0,,,0,h,SUB: I. Mobley FOR Green,Substitution,,0,0,160,1629004-1630177-1630550-1631109-1631121,201937-1626224-1628386-1629731-1630596
22201218,216,PT07M56.00S,2,1610612739,CLE,1629731,Wade,D. Wade,0,0,0,,0,,,0,h,SUB: Merrill FOR Wade,Substitution,,0,0,161,1629004-1630177-1630550-1631109-1631121,201937-1626224-1628386-1629731-1630596
22201218,219,PT07M56.00S,2,1610612739,CLE,201577,Lopez,R. Lopez,0,0,0,,0,35,28,63,h,Lopez Free Throw 2 of 2 (2 PTS),Free Throw,Free Throw 2 of 2,1,0,162,1629004-1630177-1630550-1631109-1631121,201937-1626224-1628386-1629731-1630596
22201218,220,PT07M45.00S,2,1610612766,CHA,1629004,Mykhailiuk,S. Mykhailiuk,20,155,16,Missed,1,,,0,v,MISS Mykhailiuk 16' Pullup Jump Shot,Missed Shot,Pullup Jump shot,1,2,163,1629004-1630177-1630550-1631109-1631121,201937-1626224-1628386-1629731-1630596
22201218,221,PT07M43.00S,2,1610612739,CLE,1630241,Merrill,S. Merrill,0,0,0,,0,,,0,h,Merrill REBOUND (Off:0 Def:1),Rebound,Unknown,1,0,164,1629004-1630177-1630550-1631109-1631121,201937-1626224-1628386-1629731-1630596
22201218,222,PT07M27.00S,2,1610612739,CLE,1630241,Merrill,S. Merrill,61,172,18,Made,1,37,28,65,h,Merrill 18' Pullup Jump Shot (2 PTS) (Lopez 2 AST),Made Shot,Pullup Jump shot,1,2,165,1629004-1630177-1630550-1631109-1631121,201937-1626224-1628386-1629731-1630596
22201218,224,PT07M10.00S,2,1610612766,CHA,1630547,Bouknight,J. Bouknight,-184,179,26,Missed,1,,,0,v,MISS Bouknight 26' 3PT Jump Shot,Missed Shot,Jump Shot,1,3,166,1629004-1630177-1630550-1631109-1631121,201937-1626224-1628386-1629731-1630596
22201218,225,PT07M07.00S,2,1610612739,CLE,201937,Rubio,R. Rubio,0,0,0,,0,,,0,h,Rubio REBOUND (Off:0 Def:3),Rebound,Unknown,1,0,167,1629004-1630177-1630550-1631109-1631121,201937-1626224-1628386-1629731-1630596
22201218,226,PT06M57.00S,2,1610612739,CLE,201577,Lopez,R. Lopez,13,41,4,Missed,1,,,0,h,MISS Lopez 4' Turnaround Hook Shot,Missed Shot,Turnaround Hook Shot,1,2,168,1629004-1630177-1630550-1631109-1631121,201937-1626224-1628386-1629731-1630596
22201218,226,PT06M57.00S,2,1610612766,CHA,1630208,Richards,N. Richards,0,0,0,,0,,,0,v,Richards BLOCK (1 BLK),,,1,2,169,1629004-1630177-1630550-1631109-1631121,201937-1626224-1628386-1629731-1630596
22201218,228,PT06M56.00S,2,1610612739,CLE,201937,Rubio,R. Rubio,0,0,0,,0,,,0,h,Rubio REBOUND (Off:1 Def:3),Rebound,Unknown,1,0,170,1629004-1630177-1630550-1631109-1631121,201937-1626224-1628386-1629731-1630596
22201218,229,PT06M56.00S,2,1610612766,CHA,1630177,Maledon,T. Maledon,0,0,0,,0,,,0,v,Maledon S.FOUL (P1.T3) (B.Nansel),Foul,Shooting,1,0,171,1629004-1630177-1630550-1631109-1631121,201937-1626224-1628386-1629731-1630596
22201218,231,PT06M56.00S,2,0,,1610612739,,,0,0,0,,0,,,0,h,CAVALIERS Timeout: Regular (Full 2 Short 0),Timeout,Regular,0,0,172,1629004-1630177-1630550-1631109-1631121,201937-1626224-1628386-1629731-1630596
22201218,232,PT06M56.00S,2,1610612739,CLE,201937,Rubio,R. Rubio,0,0,0,,0,38,28,66,h,Rubio Free Throw 1 of 2 (1 PTS),Free Throw,Free Throw 1 of 2,1,0,173,1629004-1630177-1630550-1631109-1631121,201937-1626224-1628386-1629731-1630596
22201218,233,PT06M56.00S,2,1610612739,CLE,201937,Rubio,R. Rubio,0,0,0,,0,39,28,67,h,Rubio Free Throw 2 of 2 (2 PTS),Free Throw,Free Throw 2 of 2,1,0,174,1629004-1630177-1630550-1631109-1631121,201937-1626224-1628386-1629731-1630596
22201218,234,PT06M43.00S,2,1610612766,CHA,1630208,Richards,N. Richards,27,30,4,Made,1,39,30,69,v,Richards 4' Cutting Layup Shot (4 PTS) (Mykhailiuk 3 AST),Made Shot,Cutting Layup Shot,1,2,175,1629004-1630177-1630550-1631109-1631121,201937-1626224-1628386-1629731-1630596
22201218,236,PT06M31.00S,2,1610612766,CHA,1630547,Bouknight,J. Bouknight,0,0,0,,0,,,0,v,Bouknight P.FOUL (P1.T4) (M.Boland),Foul,Personal,1,0,176,1629004-1630177-1630550-1631109-1631121,201937-1626224-1628386-1629731-1630596
22201218,238,PT06M31.00S,2,1610612739,CLE,1630205,Stevens,L. Stevens,0,0,0,,0,,,0,h,SUB: Osman FOR Stevens,Substitution,,0,0,177,1629004-1630177-1630550-1631109-1631121,201937-1626224-1628386-1629731-1630596
22201218,240,PT06M26.00S,2,1610612739,CLE,201937,Rubio,R. Rubio,-96,142,17,Made,1,41,30,71,h,Rubio 17' Pullup Jump Shot (4 PTS) (I. Mobley 1 AST),Made Shot,Pullup Jump shot,1,2,178,1629004-1630177-1630550-1631109-1631121,201937-1626224-1628386-1629731-1630596
22201218,242,PT06M08.00S,2,1610612766,CHA,1630208,Richards,N. Richards,69,77,10,Made,1,41,32,73,v,Richards 10' Turnaround Jump Shot (6 PTS) (Maledon 2 AST),Made Shot,Turnaround Jump Shot,1,2,179,1629004-1630177-1630550-1631109-1631121,201937-1626224-1628386-1629731-1630596
22201218,244,PT06M08.00S,2,1610612739,CLE,201577,Lopez,R. Lopez,0,0,0,,0,,,0,h,Lopez S.FOUL (P1.PN) (M.Boland),Foul,Shooting,1,0,180,1629004-1630177-1630550-1631109-1631121,201937-1626224-1628386-1629731-1630596
22201218,249,PT06M08.00S,2,1610612766,CHA,1630208,Richards,N. Richards,0,0,0,,0,41,33,74,v,Richards Free Throw 1 of 1 (7 PTS),Free Throw,Free Throw 1 of 1,1,0,181,1629004-1630177-1630550-1631109-1631121,201937-1626224-1628386-1629731-1630596
22201218,250,PT05M46.00S,2,1610612739,CLE,1630600,Mobley,I. Mobley,-36,88,10,Missed,1,,,0,h,MISS I. Mobley 10' Turnaround Hook Shot,Missed Shot,Turnaround Hook Shot,1,2,182,1629004-1630177-1630550-1631109-1631121,201937-1626224-1628386-1629731-1630596
22201218,251,PT05M45.00S,2,1610612739,CLE,201577,Lopez,R. Lopez,0,0,0,,0,,,0,h,Lopez REBOUND (Off:1 Def:0),Rebound,Unknown,1,0,183,1629004-1630177-1630550-1631109-1631121,201937-1626224-1628386-1629731-1630596
22201218,252,PT05M43.00S,2,1610612739,CLE,201577,Lopez,R. Lopez,6,59,6,Made,1,43,33,76,h,Lopez 6' Hook Shot (4 PTS),Made Shot,Hook Shot,1,2,184,1629004-1630177-1630550-1631109-1631121,201937-1626224-1628386-1629731-1630596
22201218,253,PT05M33.00S,2,1610612739,CLE,1626224,Osman,C. Osman,0,0,0,,0,,,0,h,Osman P.FOUL (P3.PN) (B.Nansel),Foul,Personal,1,0,185,1629004-1630177-1630550-1631109-1631121,201937-1626224-1628386-1629731-1630596
22201218,255,PT05M33.00S,2,1610612766,CHA,1630177,Maledon,T. Maledon,0,0,0,,0,43,34,77,v,Maledon Free Throw 1 of 2 (5 PTS),Free Throw,Free Throw 1 of 2,1,0,186,1629004-1630177-1630550-1631109-1631121,201937-1626224-1628386-1629731-1630596
22201218,256,PT05M33.00S,2,1610612766,CHA,1630208,Richards,N. Richards,0,0,0,,0,,,0,v,SUB: Thor FOR Richards,Substitution,,0,0,187,1629004-1630177-1630550-1631109-1631121,201937-1626224-1628386-1629731-1630596
22201218,257,PT05M33.00S,2,1610612766,CHA,1629004,Mykhailiuk,S. Mykhailiuk,0,0,0,,0,,,0,v,SUB: Williams FOR Mykhailiuk,Substitution,,0,0,188,1629004-1630177-1630550-1631109-1631121,201937-1626224-1628386-1629731-1630596
22201218,258,PT05M33.00S,2,1610612766,CHA,1630539,Jones,K. Jones,0,0,0,,0,,,0,v,SUB: McGowens FOR Jones,Substitution,,0,0,189,1629004-1630177-1630550-1631109-1631121,201937-1626224-1628386-1629731-1630596
22201218,262,PT05M33.00S,2,1610612766,CHA,1630177,Maledon,T. Maledon,0,0,0,,0,43,35,78,v,Maledon Free Throw 2 of 2 (6 PTS),Free Throw,Free Throw 2 of 2,1,0,190,1629004-1630177-1630550-1631109-1631121,201937-1626224-1628386-1629731-1630596
22201218,263,PT05M16.00S,2,1610612739,CLE,1630600,Mobley,I. Mobley,200,175,27,Missed,1,,,0,h,MISS I. Mobley 27' 3PT Jump Shot,Missed Shot,Jump Shot,1,3,191,1629004-1630177-1630550-1631109-1631121,201937-1626224-1628386-1629731-1630596
22201218,264,PT05M11.00S,2,1610612766,CHA,1631109,Williams,M. Williams,0,0,0,,0,,,0,v,Williams REBOUND (Off:1 Def:3),Rebound,Unknown,1,0,192,1629004-1630177-1630550-1631109-1631121,201937-1626224-1628386-1629731-1630596
22201218,265,PT05M04.00S,2,1610612766,CHA,1630177,Maledon,T. Maledon,-9,77,8,Made,1,43,37,80,v,Maledon 8' Driving Floating Jump Shot (8 PTS),Made Shot,Driving Floating Jump Shot,1,2,193,1629004-1630177-1630550-1631109-1631121,201937-1626224-1628386-1629731-1630596
22201218,266,PT04M49.00S,2,1610612739,CLE,201937,Rubio,R. Rubio,-93,70,12,Missed,1,,,0,h,MISS Rubio 12' Fadeaway Bank Shot,Missed Shot,Fadeaway Bank shot,1,2,194,1629004-1630177-1630550-1631109-1631121,201937-1626224-1628386-1629731-1630596
22201218,267,PT04M46.00S,2,1610612766,CHA,1631109,Williams,M. Williams,0,0,0,,0,,,0,v,Williams REBOUND (Off:1 Def:4),Rebound,Unknown,1,0,195,1629004-1630177-1630550-1631109-1631121,201937-1626224-1628386-1629731-1630596
22201218,268,PT04M41.00S,2,1610612766,CHA,1631121,McGowens,B. McGowens,80,34,9,Made,1,43,39,82,v,McGowens 9' Running Layup (9 PTS),Made Shot,Running Layup Shot,1,2,196,1629004-1630177-1630550-1631109-1631121,201937-1626224-1628386-1629731-1630596
22201218,269,PT04M36.00S,2,1610612739,CLE,201577,Lopez,R. Lopez,0,0,0,,0,,,0,h,Lopez OFF.Foul (P2) (B.Nansel),Foul,Offensive,1,0,197,1629004-1630177-1630550-1631109-1631121,201937-1626224-1628386-1629731-1630596
22201218,271,PT04M36.00S,2,1610612739,CLE,201577,Lopez,R. Lopez,0,0,0,,0,,,0,h,Lopez Offensive Foul Turnover (P2.T10),Turnover,Offensive Foul Turnover,1,0,198,1629004-1630177-1630550-1631109-1631121,201937-1626224-1628386-1629731-1630596
22201218,272,PT04M36.00S,2,1610612739,CLE,201577,Lopez,R. Lopez,0,0,0,,0,,,0,h,SUB: Diakite FOR Lopez,Substitution,,0,0,199,1629004-1630177-1630550-1631109-1631121,201937-1626224-1628386-1629731-1630596
22201218,273,PT04M36.00S,2,1610612766,CHA,1630177,Maledon,T. Maledon,0,0,0,,0,,,0,v,SUB: Simmons FOR Maledon,Substitution,,0,0,200,1629004-1630177-1630550-1631109-1631121,201937-1626224-1628386-1629731-1630596
22201218,276,PT04M22.00S,2,1610612766,CHA,1631121,McGowens,B. McGowens,0,0,0,,0,,,0,v,McGowens Lost Ball Turnover (P1.T6),Turnover,Lost Ball,1,0,201,1629004-1630177-1630550-1631109-1631121,201937-1626224-1628386-1629731-1630596
22201218,276,PT04M22.00S,2,1610612739,CLE,1630241,Merrill,S. Merrill,0,0,0,,0,,,0,h,Merrill STEAL (1 STL),,,1,0,202,1629004-1630177-1630550-1631109-1631121,201937-1626224-1628386-1629731-1630596
22201218,278,PT04M18.00S,2,1610612739,CLE,1629603,Diakite,M. Diakite,19,15,2,Made,1,45,39,84,h,Diakite 2' Running Layup (2 PTS) (Osman 2 AST),Made Shot,Running Layup Shot,1,2,203,1629004-1630177-1630550-1631109-1631121,201937-1626224-1628386-1629731-1630596
22201218,280,PT04M02.00S,2,1610612766,CHA,1631121,McGowens,B. McGowens,233,61,24,Missed,1,,,0,v,MISS McGowens 24' 3PT Jump Shot,Missed Shot,Jump Shot,1,3,204,1629004-1630177-1630550-1631109-1631121,201937-1626224-1628386-1629731-1630596
22201218,281,PT04M00.00S,2,1610612766,CHA,1628424,Simmons,K. Simmons,0,0,0,,0,,,0,v,Simmons REBOUND (Off:1 Def:0),Rebound,Unknown,1,0,205,1629004-1630177-1630550-1631109-1631121,201937-1626224-1628386-1629731-1630596
22201218,282,PT03M59.00S,2,1610612766,CHA,1631121,McGowens,B. McGowens,0,10,1,Made,1,45,41,86,v,McGowens 1' Cutting Layup Shot (11 PTS) (Simmons 1 AST),Made Shot,Cutting Layup Shot,1,2,206,1629004-1630177-1630550-1631109-1631121,201937-1626224-1628386-1629731-1630596
22201218,284,PT03M40.00S,2,1610612739,CLE,1630600,Mobley,I. Mobley,36,70,8,Missed,1,,,0,h,MISS I. Mobley 8' Driving Floating Jump Shot,Missed Shot,Driving Floating Jump Shot,1,2,207,1629004-1630177-1630550-1631109-1631121,201937-1626224-1628386-1629731-1630596
22201218,285,PT03M38.00S,2,1610612766,CHA,1628424,Simmons,K. Simmons,0,0,0,,0,,,0,v,Simmons REBOUND (Off:1 Def:1),Rebound,Unknown,1,0,208,1629004-1630177-1630550-1631109-1631121,201937-1626224-1628386-1629731-1630596
22201218,286,PT03M35.00S,2,1610612766,CHA,1628424,Simmons,K. Simmons,-112,227,25,Missed,1,,,0,v,MISS Simmons 25' 3PT Running Pull-Up Jump Shot,Missed Shot,Running Pull-Up Jump Shot,1,3,209,1629004-1630177-1630550-1631109-1631121,201937-1626224-1628386-1629731-1630596
22201218,287,PT03M30.00S,2,1610612739,CLE,201937,Rubio,R. Rubio,0,0,0,,0,,,0,h,Rubio REBOUND (Off:1 Def:4),Rebound,Unknown,1,0,210,1629004-1630177-1630550-1631109-1631121,201937-1626224-1628386-1629731-1630596
22201218,288,PT03M20.00S,2,1610612739,CLE,1629603,Diakite,M. Diakite,129,226,26,Made,1,48,41,89,h,Diakite 26' 3PT Jump Shot (5 PTS) (Merrill 1 AST),Made Shot,Jump Shot,1,3,211,1629004-1630177-1630550-1631109-1631121,201937-1626224-1628386-1629731-1630596
22201218,290,PT03M03.00S,2,1610612766,CHA,1630547,Bouknight,J. Bouknight,93,57,11,Missed,1,,,0,v,MISS Bouknight 11' Driving Floating Bank Jump Shot,Missed Shot,Driving Floating Bank Jump Shot,1,2,212,1629004-1630177-1630550-1631109-1631121,201937-1626224-1628386-1629731-1630596
22201218,291,PT03M01.00S,2,1610612766,CHA,1630547,Bouknight,J. Bouknight,0,0,0,,0,,,0,v,Bouknight REBOUND (Off:1 Def:1),Rebound,Unknown,1,0,213,1629004-1630177-1630550-1631109-1631121,201937-1626224-1628386-1629731-1630596
22201218,292,PT03M01.00S,2,1610612766,CHA,1630547,Bouknight,J. Bouknight,-7,30,3,Missed,1,,,0,v,MISS Bouknight 3' Putback Layup,Missed Shot,Putback Layup Shot,1,2,214,1629004-1630177-1630550-1631109-1631121,201937-1626224-1628386-1629731-1630596
22201218,292,PT03M01.00S,2,1610612739,CLE,1629603,Diakite,M. Diakite,0,0,0,,0,,,0,h,Diakite BLOCK (1 BLK),,,1,2,215,1629004-1630177-1630550-1631109-1631121,201937-1626224-1628386-1629731-1630596
22201218,294,PT03M01.00S,2,0,,1610612766,,,0,0,0,,0,,,0,v,Hornets Rebound,Rebound,Unknown,0,0,216,1629004-1630177-1630550-1631109-1631121,201937-1626224-1628386-1629731-1630596
22201218,295,PT03M01.00S,2,1610612766,CHA,1630547,Bouknight,J. Bouknight,0,0,0,,0,,,0,v,SUB: Mykhailiuk FOR Bouknight,Substitution,,0,0,217,1629004-1630177-1630550-1631109-1631121,201937-1626224-1628386-1629731-1630596
22201218,296,PT03M01.00S,2,1610612766,CHA,1628424,Simmons,K. Simmons,0,0,0,,0,,,0,v,SUB: Maledon FOR Simmons,Substitution,,0,0,218,1629004-1630177-1630550-1631109-1631121,201937-1626224-1628386-1629731-1630596
22201218,300,PT02M58.00S,2,1610612766,CHA,1629004,Mykhailiuk,S. Mykhailiuk,-235,26,24,Missed,1,,,0,v,MISS Mykhailiuk 24' 3PT Jump Shot,Missed Shot,Jump Shot,1,3,219,1629004-1630177-1630550-1631109-1631121,201937-1626224-1628386-1629731-1630596
22201218,301,PT02M56.00S,2,1610612766,CHA,1629004,Mykhailiuk,S. Mykhailiuk,0,0,0,,0,,,0,v,Mykhailiuk REBOUND (Off:3 Def:2),Rebound,Unknown,1,0,220,1629004-1630177-1630550-1631109-1631121,201937-1626224-1628386-1629731-1630596
22201218,302,PT02M51.00S,2,1610612766,CHA,1631109,Williams,M. Williams,-6,10,1,Made,1,48,43,91,v,Williams 1' Dunk (8 PTS) (Thor 1 AST),Made Shot,Dunk Shot,1,2,221,1629004-1630177-1630550-1631109-1631121,201937-1626224-1628386-1629731-1630596
22201218,304,PT02M34.00S,2,1610612766,CHA,1629004,Mykhailiuk,S. Mykhailiuk,0,0,0,,0,,,0,v,Mykhailiuk S.FOUL (P1.PN) (M.Boland),Foul,Shooting,1,0,222,1629004-1630177-1630550-1631109-1631121,201937-1626224-1628386-1629731-1630596
22201218,306,PT02M34.00S,2,0,,1610612766,,,0,0,0,,0,,,0,v,Hornets Timeout: Regular (Reg.2 Short 0),Timeout,Regular,0,0,223,1629004-1630177-1630550-1631109-1631121,201937-1626224-1628386-1629731-1630596
22201218,308,PT02M34.00S,2,1610612739,CLE,1626224,Osman,C. Osman,0,0,0,,0,49,43,92,h,Osman Free Throw 1 of 3 (3 PTS),Free Throw,Free Throw 1 of 3,1,0,224,1629004-1630177-1630550-1631109-1631121,201937-1626224-1628386-1629731-1630596
22201218,309,PT02M34.00S,2,1610612739,CLE,1626224,Osman,C. Osman,0,0,0,,0,,,0,h,MISS Osman Free Throw 2 of 3,Free Throw,Free Throw 2 of 3,1,0,225,1629004-1630177-1630550-1631109-1631121,201937-1626224-1628386-1629731-1630596
22201218,310,PT02M34.00S,2,0,,1610612739,,,0,0,0,,0,,,0,h,CAVALIERS Rebound,Rebound,Normal Rebound,0,0,226,1629004-1630177-1630550-1631109-1631121,201937-1626224-1628386-1629731-1630596
22201218,311,PT02M34.00S,2,1610612739,CLE,1626224,Osman,C. Osman,0,0,0,,0,50,43,93,h,Osman Free Throw 3 of 3 (4 PTS),Free Throw,Free Throw 3 of 3,1,0,227,1629004-1630177-1630550-1631109-1631121,201937-1626224-1628386-1629731-1630596
22201218,312,PT02M27.00S,2,1610612766,CHA,1629004,Mykhailiuk,S. Mykhailiuk,0,0,0,,0,,,0,v,Mykhailiuk OFF.Foul (P2) (M.Boland),Foul,Offensive,1,0,228,1629004-1630177-1630550-1631109-1631121,201937-1626224-1628386-1629731-1630596
22201218,314,PT02M27.00S,2,1610612766,CHA,1629004,Mykhailiuk,S. Mykhailiuk,0,0,0,,0,,,0,v,Mykhailiuk Offensive Foul Turnover (P1.T7),Turnover,Offensive Foul Turnover,1,0,229,1629004-1630177-1630550-1631109-1631121,201937-1626224-1628386-1629731-1630596
22201218,315,PT02M27.00S,2,1610612739,CLE,1626224,Osman,C. Osman,0,0,0,,0,,,0,h,SUB: Stevens FOR Osman,Substitution,,0,0,230,1629004-1630177-1630550-1631109-1631121,201937-1626224-1628386-1629731-1630596
22201218,317,PT02M15.00S,2,1610612739,CLE,201937,Rubio,R. Rubio,11,16,2,Made,1,52,43,95,h,Rubio 2' Driving Finger Roll Layup (6 PTS),Made Shot,Driving Finger Roll Layup Shot,1,2,231,1629004-1630177-1630550-1631109-1631121,201937-1626224-1628386-1629731-1630596
22201218,318,PT02M15.00S,2,1610612766,CHA,1631109,Williams,M. Williams,0,0,0,,0,,,0,v,Williams Violation:Defensive Goaltending (M.Boland),Violation,Defensive Goaltending,1,0,232,1629004-1630177-1630550-1631109-1631121,201937-1626224-1628386-1629731-1630596
22201218,319,PT02M06.00S,2,1610612766,CHA,1630550,Thor,J. Thor,-61,246,25,Missed,1,,,0,v,MISS Thor 25' 3PT Jump Shot,Missed Shot,Jump Shot,1,3,233,1629004-1630177-1630550-1631109-1631121,201937-1626224-1628386-1629731-1630596
22201218,320,PT02M02.00S,2,1610612739,CLE,1630205,Stevens,L. Stevens,0,0,0,,0,,,0,h,Stevens REBOUND (Off:0 Def:2),Rebound,Unknown,1,0,234,1629004-1630177-1630550-1631109-1631121,201937-1626224-1628386-1629731-1630596
22201218,321,PT01M56.00S,2,1610612739,CLE,1629603,Diakite,M. Diakite,13,116,12,Made,1,54,43,97,h,Diakite 12' Driving Floating Jump Shot (7 PTS) (Stevens 1 AST),Made Shot,Driving Floating Jump Shot,1,2,235,1629004-1630177-1630550-1631109-1631121,201937-1626224-1628386-1629731-1630596
22201218,323,PT01M53.00S,2,0,,1610612766,,,0,0,0,,0,,,0,v,Hornets Timeout: Regular (Reg.3 Short 0),Timeout,Regular,0,0,236,1629004-1630177-1630550-1631109-1631121,201937-1626224-1628386-1629731-1630596
22201218,324,PT01M53.00S,2,1610612766,CHA,1629004,Mykhailiuk,S. Mykhailiuk,0,0,0,,0,,,0,v,SUB: Simmons FOR Mykhailiuk,Substitution,,0,0,237,1629004-1630177-1630550-1631109-1631121,201937-1626224-1628386-1629731-1630596
22201218,326,PT01M45.00S,2,1610612766,CHA,1631109,Williams,M. Williams,-9,10,1,Made,1,54,45,99,v,Williams 1' Cutting Layup Shot (10 PTS) (McGowens 1 AST),Made Shot,Cutting Layup Shot,0,2,238,1629004-1630177-1630550-1631109-1631121,201937-1626224-1628386-1629731-1630596
22201218,328,PT01M45.00S,2,1610612739,CLE,1629603,Diakite,M. Diakite,0,0,0,,0,,,0,h,Diakite S.FOUL (P1.PN) (M.Boland),Foul,Shooting,0,0,239,1629004-1630177-1630550-1631109-1631121,201937-1626224-1628386-1629731-1630596
22201218,330,PT01M45.00S,2,1610612766,CHA,1631109,Williams,M. Williams,0,0,0,,0,54,46,100,v,Williams Free Throw 1 of 1 (11 PTS),Free Throw,Free Throw 1 of 1,1,0,240,1629004-1630177-1630550-1631109-1631121,201937-1626224-1628386-1629731-1630596
22201218,331,PT01M29.00S,2,1610612739,CLE,201937,Rubio,R. Rubio,81,74,11,Missed,1,,,0,h,MISS Rubio 11' Turnaround Fadeaway Shot,Missed Shot,Turnaround Fadeaway shot,1,2,241,1629004-1630177-1630550-1631109-1631121,201937-1626224-1628386-1629731-1630596
22201218,332,PT01M26.00S,2,1610612766,CHA,1631109,Williams,M. Williams,0,0,0,,0,,,0,v,Williams REBOUND (Off:1 Def:5),Rebound,Unknown,1,0,242,1629004-1630177-1630550-1631109-1631121,201937-1626224-1628386-1629731-1630596
22201218,333,PT01M10.00S,2,1610612766,CHA,1631109,Williams,M. Williams,-4,16,2,Made,1,54,48,102,v,Williams 2' Reverse Layup (13 PTS) (Simmons 2 AST),Made Shot,Reverse Layup Shot,1,2,243,1629004-1630177-1630550-1631109-1631121,201937-1626224-1628386-1629731-1630596
22201218,335,PT00M59.00S,2,1610612739,CLE,1630241,Merrill,S. Merrill,-1,258,26,Missed,1,,,0,h,MISS Merrill 26' 3PT Jump Shot,Missed Shot,Jump Shot,1,3,244,1629004-1630177-1630550-1631109-1631121,201937-1626224-1628386-1629731-1630596
22201218,336,PT00M57.10S,2,1610612766,CHA,1631121,McGowens,B. McGowens,0,0,0,,0,,,0,v,McGowens REBOUND (Off:0 Def:2),Rebound,Unknown,1,0,245,1629004-1630177-1630550-1631109-1631121,201937-1626224-1628386-1629731-1630596
22201218,337,PT00M49.50S,2,1610612766,CHA,1631121,McGowens,B. McGowens,-54,38,7,Missed,1,,,0,v,MISS McGowens 7' Driving Floating Jump Shot,Missed Shot,Driving Floating Jump Shot,1,2,246,1629004-1630177-1630550-1631109-1631121,201937-1626224-1628386-1629731-1630596
22201218,338,PT00M47.80S,2,1610612739,CLE,1629603,Diakite,M. Diakite,0,0,0,,0,,,0,h,Diakite REBOUND (Off:0 Def:1),Rebound,Unknown,1,0,247,1629004-1630177-1630550-1631109-1631121,201937-1626224-1628386-1629731-1630596
22201218,339,PT00M30.80S,2,1610612739,CLE,1630241,Merrill,S. Merrill,-164,201,26,Missed,1,,,0,h,MISS Merrill 26' 3PT Jump Shot,Missed Shot,Jump Shot,1,3,248,1629004-1630177-1630550-1631109-1631121,201937-1626224-1628386-1629731-1630596
22201218,340,PT00M27.80S,2,1610612766,CHA,1630177,Maledon,T. Maledon,0,0,0,,0,,,0,v,Maledon REBOUND (Off:0 Def:4),Rebound,Unknown,1,0,249,1629004-1630177-1630550-1631109-1631121,201937-1626224-1628386-1629731-1630596
22201218,341,PT00M08.90S,2,1610612739,CLE,1630600,Mobley,I. Mobley,0,0,0,,0,,,0,h,I. Mobley S.FOUL (P1.PN) (B.Nansel),Foul,Shooting,1,0,250,1629004-1630177-1630550-1631109-1631121,201937-1626224-1628386-1629731-1630596
22201218,343,PT00M08.90S,2,1610612766,CHA,1631109,Williams,M. Williams,0,0,0,,0,,,0,v,MISS Williams Free Throw 1 of 2,Free Throw,Free Throw 1 of 2,1,0,251,1629004-1630177-1630550-1631109-1631121,201937-1626224-1628386-1629731-1630596
22201218,344,PT00M08.90S,2,0,,1610612766,,,0,0,0,,0,,,0,v,Hornets Rebound,Rebound,Normal Rebound,0,0,252,1629004-1630177-1630550-1631109-1631121,201937-1626224-1628386-1629731-1630596
22201218,345,PT00M08.90S,2,1610612739,CLE,1629603,Diakite,M. Diakite,0,0,0,,0,,,0,h,SUB: Green FOR Diakite,Substitution,,0,0,253,1629004-1630177-1630550-1631109-1631121,201937-1626224-1628386-1629731-1630596
22201218,347,PT00M08.90S,2,1610612766,CHA,1631109,Williams,M. Williams,0,0,0,,0,54,49,103,v,Williams Free Throw 2 of 2 (14 PTS),Free Throw,Free Throw 2 of 2,1,0,254,1629004-1630177-1630550-1631109-1631121,201937-1626224-1628386-1629731-1630596
22201218,348,PT00M00.60S,2,1610612739,CLE,201937,Rubio,R. Rubio,-110,235,26,Missed,1,,,0,h,MISS Rubio 26' 3PT Pullup Jump Shot,Missed Shot,Pullup Jump shot,1,3,255,1629004-1630177-1630550-1631109-1631121,201937-1626224-1628386-1629731-1630596
22201218,349,PT00M00.60S,2,1610612766,CHA,1630177,Maledon,T. Maledon,0,0,0,,0,,,0,v,Maledon REBOUND (Off:0 Def:5),Rebound,Unknown,1,0,256,1629004-1630177-1630550-1631109-1631121,201937-1626224-1628386-1629731-1630596
22201218,350,PT00M00.00S,2,0,,0,,,0,0,0,,0,54,49,103,,End of 2nd Period (2:06 PM EST),period,end,1,0,257,1629004-1630177-1630550-1631109-1631121,201937-1626224-1628386-1629731-1630596
22201218,358,PT12M00.00S,3,0,,0,,,0,0,0,,0,54,49,103,,Start of 3rd Period (2:21 PM EST),period,start,0,0,258,1629004-1630177-1630550-1631109-1631121,201937-1626224-1628386-1629731-1630596
22201218,359,PT11M40.00S,3,1610612739,CLE,201577,Lopez,R. Lopez,-8,71,7,Missed,1,,,0,h,MISS Lopez 7' Hook Shot,Missed Shot,Hook Shot,1,2,259,1629004-1630177-1630550-1631109-1631121,201937-1626224-1628386-1629731-1630596
22201218,359,PT11M40.00S,3,1610612766,CHA,1631109,Williams,M. Williams,0,0,0,,0,,,0,v,Williams BLOCK (1 BLK),,,1,2,260,1629004-1630177-1630550-1631109-1631121,201937-1626224-1628386-1629731-1630596
22201218,361,PT11M37.00S,3,1610612766,CHA,1630177,Maledon,T. Maledon,0,0,0,,0,,,0,v,Maledon REBOUND (Off:0 Def:6),Rebound,Unknown,1,0,261,1629004-1630177-1630550-1631109-1631121,201937-1626224-1628386-1629731-1630596
22201218,362,PT11M30.00S,3,1610612766,CHA,1630550,Thor,J. Thor,-31,92,10,Made,1,54,51,105,v,Thor 10' Driving Floating Bank Jump Shot (2 PTS) (Maledon 3 AST),Made Shot,Driving Floating Bank Jump Shot,1,2,262,1629004-1630177-1630550-1631109-1631121,201937-1626224-1628386-1629731-1630596
22201218,363,PT11M11.00S,3,1610612739,CLE,201577,Lopez,R. Lopez,-4,40,4,Made,1,56,51,107,h,Lopez 4' Turnaround Hook Shot (6 PTS) (Rubio 6 AST),Made Shot,Turnaround Hook Shot,1,2,263,1629004-1630177-1630550-1631109-1631121,201937-1626224-1628386-1629731-1630596
22201218,365,PT10M54.00S,3,1610612766,CHA,1630550,Thor,J. Thor,0,0,0,,0,,,0,v,Thor Bad Pass Turnover (P2.T8),Turnover,Bad Pass,1,0,264,1629004-1630177-1630550-1631109-1631121,201937-1626224-1628386-1629731-1630596
22201218,365,PT10M54.00S,3,1610612739,CLE,1629731,Wade,D. Wade,0,0,0,,0,,,0,h,Wade STEAL (3 STL),,,1,0,265,1629004-1630177-1630550-1631109-1631121,201937-1626224-1628386-1629731-1630596
22201218,367,PT10M36.00S,3,1610612739,CLE,1629731,Wade,D. Wade,-82,174,19,Missed,1,,,0,h,MISS Wade 19' Jump Shot,Missed Shot,Jump Shot,1,2,266,1629004-1630177-1630550-1631109-1631121,201937-1626224-1628386-1629731-1630596
22201218,368,PT10M36.00S,3,0,,1610612739,,,0,0,0,,0,,,0,h,CAVALIERS Rebound,Rebound,Unknown,0,0,267,1629004-1630177-1630550-1631109-1631121,201937-1626224-1628386-1629731-1630596
22201218,369,PT10M36.00S,3,1610612766,CHA,1631109,Williams,M. Williams,0,0,0,,0,,,0,v,Williams L.B.FOUL (P2.T1) (K.Cutler),Foul,Loose Ball,1,0,268,1629004-1630177-1630550-1631109-1631121,201937-1626224-1628386-1629731-1630596
22201218,371,PT10M31.00S,3,1610612739,CLE,1630600,Mobley,I. Mobley,-9,13,2,Missed,1,,,0,h,MISS I. Mobley 2' Driving Reverse Layup,Missed Shot,Driving Reverse Layup Shot,1,2,269,1629004-1630177-1630550-1631109-1631121,201937-1626224-1628386-1629731-1630596
22201218,372,PT10M30.00S,3,1610612739,CLE,1630600,Mobley,I. Mobley,0,0,0,,0,,,0,h,I. Mobley REBOUND (Off:1 Def:0),Rebound,Unknown,1,0,270,1629004-1630177-1630550-1631109-1631121,201937-1626224-1628386-1629731-1630596
22201218,373,PT10M28.00S,3,1610612739,CLE,1630600,Mobley,I. Mobley,0,0,0,Missed,1,,,0,h,MISS I. Mobley Tip Layup Shot,Missed Shot,Tip Layup Shot,1,2,271,1629004-1630177-1630550-1631109-1631121,201937-1626224-1628386-1629731-1630596
22201218,374,PT10M27.00S,3,1610612766,CHA,1630550,Thor,J. Thor,0,0,0,,0,,,0,v,Thor REBOUND (Off:0 Def:1),Rebound,Unknown,1,0,272,1629004-1630177-1630550-1631109-1631121,201937-1626224-1628386-1629731-1630596
22201218,375,PT10M13.00S,3,1610612739,CLE,1630600,Mobley,I. Mobley,0,0,0,,0,,,0,h,I. Mobley S.FOUL (P2.T1) (K.Cutler),Foul,Shooting,1,0,273,1629004-1630177-1630550-1631109-1631121,201937-1626224-1628386-1629731-1630596
22201218,377,PT10M13.00S,3,1610612766,CHA,1631121,McGowens,B. McGowens,0,0,0,,0,,,0,v,MISS McGowens Free Throw 1 of 2,Free Throw,Free Throw 1 of 2,1,0,274,1629004-1630177-1630550-1631109-1631121,201937-1626224-1628386-1629731-1630596
22201218,378,PT10M13.00S,3,0,,1610612766,,,0,0,0,,0,,,0,v,Hornets Rebound,Rebound,Normal Rebound,0,0,275,1629004-1630177-1630550-1631109-1631121,201937-1626224-1628386-1629731-1630596
22201218,379,PT10M13.00S,3,1610612766,CHA,1631121,McGowens,B. McGowens,0,0,0,,0,56,52,108,v,McGowens Free Throw 2 of 2 (12 PTS),Free Throw,Free Throw 2 of 2,1,0,276,1629004-1630177-1630550-1631109-1631121,201937-1626224-1628386-1629731-1630596
22201218,380,PT09M58.00S,3,1610612766,CHA,1631109,Williams,M. Williams,0,0,0,,0,,,0,v,Williams Violation:Kicked Ball (M.Boland),Violation,Kicked Ball,0,0,277,1629004-1630177-1630550-1631109-1631121,201937-1626224-1628386-1629731-1630596
22201218,381,PT09M49.00S,3,1610612739,CLE,201980,Green,D. Green,178,199,27,Missed,1,,,0,h,MISS Green 27' 3PT Jump Shot,Missed Shot,Jump Shot,1,3,278,1629004-1630177-1630550-1631109-1631121,201937-1626224-1628386-1629731-1630596
22201218,382,PT09M46.00S,3,1610612766,CHA,1630177,Maledon,T. Maledon,0,0,0,,0,,,0,v,Maledon REBOUND (Off:0 Def:7),Rebound,Unknown,1,0,279,1629004-1630177-1630550-1631109-1631121,201937-1626224-1628386-1629731-1630596
22201218,383,PT09M36.00S,3,1610612766,CHA,1631121,McGowens,B. McGowens,-227,28,0,Missed,1,,,0,v,MISS McGowens 3PT Jump Shot,Missed Shot,Jump Shot,1,3,280,1629004-1630177-1630550-1631109-1631121,201937-1626224-1628386-1629731-1630596
22201218,384,PT09M35.00S,3,0,,1610612766,,,0,0,0,,0,,,0,v,Hornets Rebound,Rebound,Unknown,1,0,281,1629004-1630177-1630550-1631109-1631121,201937-1626224-1628386-1629731-1630596
22201218,387,PT09M33.00S,3,1610612739,CLE,201980,Green,D. Green,0,0,0,,0,,,0,h,Green P.FOUL (P3.T2) (M.Boland),Foul,Personal,1,0,282,1629004-1630177-1630550-1631109-1631121,201937-1626224-1628386-1629731-1630596
22201218,389,PT09M25.00S,3,1610612766,CHA,1629004,Mykhailiuk,S. Mykhailiuk,5,42,4,Made,1,56,54,110,v,Mykhailiuk 4' Driving Finger Roll Layup (8 PTS) (Thor 2 AST),Made Shot,Driving Finger Roll Layup Shot,1,2,283,1629004-1630177-1630550-1631109-1631121,201937-1626224-1628386-1629731-1630596
22201218,390,PT09M15.00S,3,1610612739,CLE,201937,Rubio,R. Rubio,0,0,0,,0,,,0,h,Rubio Bad Pass Turnover (P3.T11),Turnover,Bad Pass,1,0,284,1629004-1630177-1630550-1631109-1631121,201937-1626224-1628386-1629731-1630596
22201218,390,PT09M15.00S,3,1610612766,CHA,1631109,Williams,M. Williams,0,0,0,,0,,,0,v,Williams STEAL (1 STL),,,1,0,285,1629004-1630177-1630550-1631109-1631121,201937-1626224-1628386-1629731-1630596
22201218,392,PT09M10.00S,3,1610612766,CHA,1630550,Thor,J. Thor,12,11,2,Missed,1,,,0,v,MISS Thor 2' Running Layup,Missed Shot,Running Layup Shot,1,2,286,1629004-1630177-1630550-1631109-1631121,201937-1626224-1628386-1629731-1630596
22201218,393,PT09M07.00S,3,1610612739,CLE,1630600,Mobley,I. Mobley,0,0,0,,0,,,0,h,I. Mobley REBOUND (Off:1 Def:1),Rebound,Unknown,1,0,287,1629004-1630177-1630550-1631109-1631121,201937-1626224-1628386-1629731-1630596
22201218,395,PT08M59.00S,3,1610612739,CLE,201980,Green,D. Green,-235,-13,24,Missed,1,,,0,h,MISS Green 24' 3PT Jump Shot,Missed Shot,Jump Shot,1,3,288,1629004-1630177-1630550-1631109-1631121,201937-1626224-1628386-1629731-1630596
22201218,396,PT08M58.00S,3,0,,1610612766,,,0,0,0,,0,,,0,v,Hornets Rebound,Rebound,Unknown,0,0,289,1629004-1630177-1630550-1631109-1631121,201937-1626224-1628386-1629731-1630596
22201218,398,PT08M40.00S,3,1610612766,CHA,1631109,Williams,M. Williams,-36,107,11,Made,1,56,56,112,v,Williams 11' Floating Jump Shot (16 PTS) (Maledon 4 AST),Made Shot,Floating Jump shot,1,2,290,1629004-1630177-1630550-1631109-1631121,201937-1626224-1628386-1629731-1630596
22201218,400,PT08M15.00S,3,1610612739,CLE,201937,Rubio,R. Rubio,-190,172,26,Missed,1,,,0,h,MISS Rubio 26' 3PT Jump Shot,Missed Shot,Jump Shot,1,3,291,1629004-1630177-1630550-1631109-1631121,201937-1626224-1628386-1629731-1630596
22201218,401,PT08M13.00S,3,1610612766,CHA,1630550,Thor,J. Thor,0,0,0,,0,,,0,v,Thor REBOUND (Off:0 Def:2),Rebound,Unknown,1,0,292,1629004-1630177-1630550-1631109-1631121,201937-1626224-1628386-1629731-1630596
22201218,402,PT08M12.00S,3,1610612766,CHA,1630177,Maledon,T. Maledon,0,0,0,,0,,,0,v,Maledon Out of Bounds - Bad Pass Turnover Turnover (P2.T9),Turnover,Out of Bounds - Bad Pass Turnover,1,0,293,1629004-1630177-1630550-1631109-1631121,201937-1626224-1628386-1629731-1630596
22201218,403,PT07M54.00S,3,1610612739,CLE,201577,Lopez,R. Lopez,-6,6,1,Made,1,58,56,114,h,Lopez 1' Hook Bank Shot (8 PTS) (Rubio 7 AST),Made Shot,Hook Bank Shot,1,2,294,1629004-1630177-1630550-1631109-1631121,201937-1626224-1628386-1629731-1630596
22201218,405,PT07M44.00S,3,1610612766,CHA,1630177,Maledon,T. Maledon,31,85,9,Missed,1,,,0,v,MISS Maledon 9' Driving Floating Jump Shot,Missed Shot,Driving Floating Jump Shot,1,2,295,1629004-1630177-1630550-1631109-1631121,201937-1626224-1628386-1629731-1630596
22201218,406,PT07M42.00S,3,1610612766,CHA,1630177,Maledon,T. Maledon,0,0,0,,0,,,0,v,Maledon REBOUND (Off:1 Def:7),Rebound,Unknown,1,0,296,1629004-1630177-1630550-1631109-1631121,201937-1626224-1628386-1629731-1630596
22201218,407,PT07M40.00S,3,1610612766,CHA,1629004,Mykhailiuk,S. Mykhailiuk,-151,214,26,Missed,1,,,0,v,MISS Mykhailiuk 26' 3PT Jump Shot,Missed Shot,Jump Shot,1,3,297,1629004-1630177-1630550-1631109-1631121,201937-1626224-1628386-1629731-1630596
22201218,408,PT07M36.00S,3,1610612739,CLE,201577,Lopez,R. Lopez,0,0,0,,0,,,0,h,Lopez REBOUND (Off:1 Def:1),Rebound,Unknown,1,0,298,1629004-1630177-1630550-1631109-1631121,201937-1626224-1628386-1629731-1630596
22201218,409,PT07M31.00S,3,1610612739,CLE,201980,Green,D. Green,0,0,0,,0,,,0,h,Green OFF.Foul (P4) (K.Cutler),Foul,Offensive,1,0,299,1629004-1630177-1630550-1631109-1631121,201937-1626224-1628386-1629731-1630596
22201218,411,PT07M31.00S,3,1610612739,CLE,201980,Green,D. Green,0,0,0,,0,,,0,h,Green Offensive Foul Turnover (P2.T12),Turnover,Offensive Foul Turnover,1,0,300,1629004-1630177-1630550-1631109-1631121,201937-1626224-1628386-1629731-1630596
22201218,428,PT07M19.00S,3,1610612766,CHA,1629004,Mykhailiuk,S. Mykhailiuk,-96,88,13,Missed,1,,,0,v,MISS Mykhailiuk 13' Driving Floating Jump Shot,Missed Shot,Driving Floating Jump Shot,1,2,301,1629004-1630177-1630550-1631109-1631121,201937-1626224-1628386-1629731-1630596
22201218,428,PT07M19.00S,3,1610612739,CLE,201577,Lopez,R. Lopez,0,0,0,,0,,,0,h,Lopez BLOCK (1 BLK),,,1,2,302,1629004-1630177-1630550-1631109-1631121,201937-1626224-1628386-1629731-1630596
22201218,430,PT07M18.00S,3,1610612766,CHA,1629004,Mykhailiuk,S. Mykhailiuk,0,0,0,,0,,,0,v,Mykhailiuk REBOUND (Off:4 Def:2),Rebound,Unknown,1,0,303,1629004-1630177-1630550-1631109-1631121,201937-1626224-1628386-1629731-1630596
22201218,412,PT07M17.00S,3,1610612766,CHA,1629004,Mykhailiuk,S. Mykhailiuk,-75,75,11,Missed,1,,,0,v,MISS Mykhailiuk 11' Floating Jump Shot,Missed Shot,Floating Jump shot,1,2,304,1629004-1630177-1630550-1631109-1631121,201937-1626224-1628386-1629731-1630596
22201218,413,PT07M16.00S,3,1610612739,CLE,1630600,Mobley,I. Mobley,0,0,0,,0,,,0,h,I. Mobley REBOUND (Off:1 Def:2),Rebound,Unknown,1,0,305,1629004-1630177-1630550-1631109-1631121,201937-1626224-1628386-1629731-1630596
22201218,414,PT07M11.00S,3,1610612739,CLE,201980,Green,D. Green,200,247,32,Missed,1,,,0,h,MISS Green 32' 3PT Running Jump Shot,Missed Shot,Running Jump Shot,1,3,306,1629004-1630177-1630550-1631109-1631121,201937-1626224-1628386-1629731-1630596
22201218,415,PT07M08.00S,3,1610612766,CHA,1631121,McGowens,B. McGowens,0,0,0,,0,,,0,v,McGowens REBOUND (Off:0 Def:3),Rebound,Unknown,1,0,307,1629004-1630177-1630550-1631109-1631121,201937-1626224-1628386-1629731-1630596
22201218,416,PT06M48.00S,3,1610612766,CHA,1629004,Mykhailiuk,S. Mykhailiuk,-233,17,0,Missed,1,,,0,v,MISS Mykhailiuk 3PT Step Back Jump Shot,Missed Shot,Step Back Jump shot,1,3,308,1629004-1630177-1630550-1631109-1631121,201937-1626224-1628386-1629731-1630596
22201218,417,PT06M44.00S,3,1610612739,CLE,1629731,Wade,D. Wade,0,0,0,,0,,,0,h,Wade REBOUND (Off:0 Def:3),Rebound,Unknown,1,0,309,1629004-1630177-1630550-1631109-1631121,201937-1626224-1628386-1629731-1630596
22201218,418,PT06M35.00S,3,1610612739,CLE,201577,Lopez,R. Lopez,12,14,2,Missed,1,,,0,h,MISS Lopez 2' Layup,Missed Shot,Layup Shot,1,2,310,1629004-1630177-1630550-1631109-1631121,201937-1626224-1628386-1629731-1630596
22201218,418,PT06M35.00S,3,1610612766,CHA,1631109,Williams,M. Williams,0,0,0,,0,,,0,v,Williams BLOCK (2 BLK),,,1,2,311,1629004-1630177-1630550-1631109-1631121,201937-1626224-1628386-1629731-1630596
22201218,420,PT06M32.00S,3,1610612766,CHA,1631121,McGowens,B. McGowens,0,0,0,,0,,,0,v,McGowens REBOUND (Off:0 Def:4),Rebound,Unknown,1,0,312,1629004-1630177-1630550-1631109-1631121,201937-1626224-1628386-1629731-1630596
22201218,421,PT06M30.00S,3,1610612766,CHA,1629004,Mykhailiuk,S. Mykhailiuk,0,12,1,Made,1,58,58,116,v,Mykhailiuk 1' Running Layup (10 PTS) (McGowens 2 AST),Made Shot,Running Layup Shot,1,2,313,1629004-1630177-1630550-1631109-1631121,201937-1626224-1628386-1629731-1630596
22201218,423,PT06M09.00S,3,1610612739,CLE,1629731,Wade,D. Wade,0,0,0,,0,,,0,h,Wade Bad Pass Turnover (P1.T13),Turnover,Bad Pass,1,0,314,1629004-1630177-1630550-1631109-1631121,201937-1626224-1628386-1629731-1630596
22201218,423,PT06M09.00S,3,1610612766,CHA,1631121,McGowens,B. McGowens,0,0,0,,0,,,0,v,McGowens STEAL (1 STL),,,1,0,315,1629004-1630177-1630550-1631109-1631121,201937-1626224-1628386-1629731-1630596
22201218,425,PT06M03.00S,3,1610612739,CLE,201937,Rubio,R. Rubio,0,0,0,,0,,,0,h,Rubio S.FOUL (P1.T3) (B.Nansel),Foul,Shooting,1,0,316,1629004-1630177-1630550-1631109-1631121,201937-1626224-1628386-1629731-1630596
22201218,427,PT06M03.00S,3,0,,1610612739,,,0,0,0,,0,,,0,h,CAVALIERS Timeout: Regular (Full 3 Short 0),Timeout,Regular,0,0,317,1629004-1630177-1630550-1631109-1631121,201937-1626224-1628386-1629731-1630596
22201218,431,PT06M03.00S,3,1610612739,CLE,201937,Rubio,R. Rubio,0,0,0,,0,,,0,h,SUB: Merrill FOR Rubio,Substitution,,0,0,318,1629004-1630177-1630550-1631109-1631121,201937-1626224-1628386-1629731-1630596
22201218,432,PT06M03.00S,3,1610612739,CLE,201980,Green,D. Green,0,0,0,,0,,,0,h,SUB: Neto FOR Green,Substitution,,0,0,319,1629004-1630177-1630550-1631109-1631121,201937-1626224-1628386-1629731-1630596
22201218,433,PT06M03.00S,3,1610612739,CLE,201577,Lopez,R. Lopez,0,0,0,,0,,,0,h,SUB: Diakite FOR Lopez,Substitution,,0,0,320,1629004-1630177-1630550-1631109-1631121,201937-1626224-1628386-1629731-1630596
22201218,434,PT06M03.00S,3,1610612766,CHA,1631121,McGowens,B. McGowens,0,0,0,,0,,,0,v,SUB: Bouknight FOR McGowens,Substitution,,0,0,321,1629004-1630177-1630550-1631109-1631121,201937-1626224-1628386-1629731-1630596
22201218,439,PT06M03.00S,3,1610612766,CHA,1630177,Maledon,T. Maledon,0,0,0,,0,58,59,117,v,Maledon Free Throw 1 of 2 (9 PTS),Free Throw,Free Throw 1 of 2,1,0,322,1629004-1630177-1630550-1631109-1631121,201937-1626224-1628386-1629731-1630596
22201218,440,PT06M03.00S,3,1610612766,CHA,1630177,Maledon,T. Maledon,0,0,0,,0,58,60,118,v,Maledon Free Throw 2 of 2 (10 PTS),Free Throw,Free Throw 2 of 2,1,0,323,1629004-1630177-1630550-1631109-1631121,201937-1626224-1628386-1629731-1630596
22201218,441,PT05M48.00S,3,1610612739,CLE,1630241,Merrill,S. Merrill,130,221,26,Made,1,61,60,121,h,Merrill 26' 3PT Pullup Jump Shot (5 PTS) (I. Mobley 2 AST),Made Shot,Pullup Jump shot,1,3,324,1629004-1630177-1630550-1631109-1631121,201937-1626224-1628386-1629731-1630596
22201218,443,PT05M20.00S,3,1610612766,CHA,1630550,Thor,J. Thor,129,232,27,Missed,1,,,0,v,MISS Thor 27' 3PT Jump Shot,Missed Shot,Jump Shot,1,3,325,1629004-1630177-1630550-1631109-1631121,201937-1626224-1628386-1629731-1630596
22201218,444,PT05M17.00S,3,1610612739,CLE,1629603,Diakite,M. Diakite,0,0,0,,0,,,0,h,Diakite REBOUND (Off:0 Def:2),Rebound,Unknown,1,0,326,1629004-1630177-1630550-1631109-1631121,201937-1626224-1628386-1629731-1630596
22201218,445,PT05M03.00S,3,1610612766,CHA,1631109,Williams,M. Williams,0,0,0,,0,,,0,v,Williams S.FOUL (P3.T2) (B.Nansel),Foul,Shooting,1,0,327,1629004-1630177-1630550-1631109-1631121,201937-1626224-1628386-1629731-1630596
22201218,447,PT05M03.00S,3,1610612739,CLE,1630600,Mobley,I. Mobley,0,0,0,,0,62,60,122,h,I. Mobley Free Throw 1 of 2 (1 PTS),Free Throw,Free Throw 1 of 2,1,0,328,1629004-1630177-1630550-1631109-1631121,201937-1626224-1628386-1629731-1630596
22201218,448,PT05M03.00S,3,1610612739,CLE,1629731,Wade,D. Wade,0,0,0,,0,,,0,h,SUB: Stevens FOR Wade,Substitution,,0,0,329,1629004-1630177-1630550-1631109-1631121,201937-1626224-1628386-1629731-1630596
22201218,450,PT05M03.00S,3,1610612739,CLE,1630600,Mobley,I. Mobley,0,0,0,,0,63,60,123,h,I. Mobley Free Throw 2 of 2 (2 PTS),Free Throw,Free Throw 2 of 2,1,0,330,1629004-1630177-1630550-1631109-1631121,201937-1626224-1628386-1629731-1630596
22201218,451,PT04M49.00S,3,1610612766,CHA,1630177,Maledon,T. Maledon,-1,86,9,Made,1,63,62,125,v,Maledon 9' Driving Floating Jump Shot (12 PTS) (Thor 3 AST),Made Shot,Driving Floating Jump Shot,1,2,331,1629004-1630177-1630550-1631109-1631121,201937-1626224-1628386-1629731-1630596
22201218,453,PT04M26.00S,3,1610612739,CLE,203526,Neto,R. Neto,62,51,8,Missed,1,,,0,h,MISS Neto 8' Driving Floating Bank Jump Shot,Missed Shot,Driving Floating Bank Jump Shot,1,2,332,1629004-1630177-1630550-1631109-1631121,201937-1626224-1628386-1629731-1630596
22201218,454,PT04M24.00S,3,1610612766,CHA,1631109,Williams,M. Williams,0,0,0,,0,,,0,v,Williams REBOUND (Off:1 Def:6),Rebound,Unknown,1,0,333,1629004-1630177-1630550-1631109-1631121,201937-1626224-1628386-1629731-1630596
22201218,455,PT04M15.00S,3,1610612766,CHA,1629004,Mykhailiuk,S. Mykhailiuk,228,62,24,Missed,1,,,0,v,MISS Mykhailiuk 24' 3PT Pullup Jump Shot,Missed Shot,Pullup Jump shot,1,3,334,1629004-1630177-1630550-1631109-1631121,201937-1626224-1628386-1629731-1630596
22201218,456,PT04M12.00S,3,1610612739,CLE,1630205,Stevens,L. Stevens,0,0,0,,0,,,0,h,Stevens REBOUND (Off:0 Def:3),Rebound,Unknown,1,0,335,1629004-1630177-1630550-1631109-1631121,201937-1626224-1628386-1629731-1630596
22201218,457,PT04M03.00S,3,1610612739,CLE,1629603,Diakite,M. Diakite,225,14,0,Missed,1,,,0,h,MISS Diakite 3PT Jump Shot,Missed Shot,Jump Shot,1,3,336,1629004-1630177-1630550-1631109-1631121,201937-1626224-1628386-1629731-1630596
22201218,458,PT04M00.00S,3,1610612766,CHA,1629004,Mykhailiuk,S. Mykhailiuk,0,0,0,,0,,,0,v,Mykhailiuk REBOUND (Off:4 Def:3),Rebound,Unknown,1,0,337,1629004-1630177-1630550-1631109-1631121,201937-1626224-1628386-1629731-1630596
22201218,459,PT03M57.00S,3,1610612766,CHA,1629004,Mykhailiuk,S. Mykhailiuk,0,0,0,,0,,,0,v,Mykhailiuk Out of Bounds - Bad Pass Turnover Turnover (P2.T10),Turnover,Out of Bounds - Bad Pass Turnover,1,0,338,1629004-1630177-1630550-1631109-1631121,201937-1626224-1628386-1629731-1630596
22201218,460,PT03M57.00S,3,1610612766,CHA,1631109,Williams,M. Williams,0,0,0,,0,,,0,v,SUB: Jones FOR Williams,Substitution,,0,0,339,1629004-1630177-1630550-1631109-1631121,201937-1626224-1628386-1629731-1630596
22201218,461,PT03M57.00S,3,1610612766,CHA,1630550,Thor,J. Thor,0,0,0,,0,,,0,v,SUB: Richards FOR Thor,Substitution,,0,0,340,1629004-1630177-1630550-1631109-1631121,201937-1626224-1628386-1629731-1630596
22201218,464,PT03M42.00S,3,1610612766,CHA,1630547,Bouknight,J. Bouknight,0,0,0,,0,,,0,v,Bouknight P.FOUL (P2.T3) (B.Nansel),Foul,Personal,1,0,341,1629004-1630177-1630550-1631109-1631121,201937-1626224-1628386-1629731-1630596
22201218,466,PT03M33.00S,3,1610612739,CLE,1629603,Diakite,M. Diakite,-6,19,2,Missed,1,,,0,h,MISS Diakite 2' Cutting Layup Shot,Missed Shot,Cutting Layup Shot,1,2,342,1629004-1630177-1630550-1631109-1631121,201937-1626224-1628386-1629731-1630596
22201218,466,PT03M33.00S,3,1610612766,CHA,1630208,Richards,N. Richards,0,0,0,,0,,,0,v,Richards BLOCK (2 BLK),,,1,2,343,1629004-1630177-1630550-1631109-1631121,201937-1626224-1628386-1629731-1630596
22201218,468,PT03M29.00S,3,1610612766,CHA,1630208,Richards,N. Richards,0,0,0,,0,,,0,v,Richards REBOUND (Off:1 Def:2),Rebound,Unknown,1,0,344,1629004-1630177-1630550-1631109-1631121,201937-1626224-1628386-1629731-1630596
22201218,469,PT03M19.00S,3,1610612766,CHA,1629004,Mykhailiuk,S. Mykhailiuk,-54,26,6,Missed,1,,,0,v,MISS Mykhailiuk 6' Driving Floating Jump Shot,Missed Shot,Driving Floating Jump Shot,1,2,345,1629004-1630177-1630550-1631109-1631121,201937-1626224-1628386-1629731-1630596
22201218,470,PT03M16.00S,3,1610612739,CLE,1630241,Merrill,S. Merrill,0,0,0,,0,,,0,h,Merrill REBOUND (Off:0 Def:2),Rebound,Unknown,1,0,346,1629004-1630177-1630550-1631109-1631121,201937-1626224-1628386-1629731-1630596
22201218,471,PT03M14.00S,3,1610612766,CHA,1630177,Maledon,T. Maledon,0,0,0,,0,,,0,v,Maledon S.FOUL (P2.T4) (K.Cutler),Foul,Shooting,1,0,347,1629004-1630177-1630550-1631109-1631121,201937-1626224-1628386-1629731-1630596
22201218,473,PT03M14.00S,3,1610612739,CLE,203526,Neto,R. Neto,0,0,0,,0,64,62,126,h,Neto Free Throw 1 of 2 (1 PTS),Free Throw,Free Throw 1 of 2,1,0,348,1629004-1630177-1630550-1631109-1631121,201937-1626224-1628386-1629731-1630596
22201218,474,PT03M14.00S,3,1610612739,CLE,1630600,Mobley,I. Mobley,0,0,0,,0,,,0,h,SUB: Wade FOR I. Mobley,Substitution,,0,0,349,1629004-1630177-1630550-1631109-1631121,201937-1626224-1628386-1629731-1630596
22201218,475,PT03M14.00S,3,1610612766,CHA,1630177,Maledon,T. Maledon,0,0,0,,0,,,0,v,SUB: McGowens FOR Maledon,Substitution,,0,0,350,1629004-1630177-1630550-1631109-1631121,201937-1626224-1628386-1629731-1630596
22201218,476,PT03M14.00S,3,1610612766,CHA,1629004,Mykhailiuk,S. Mykhailiuk,0,0,0,,0,,,0,v,SUB: Simmons FOR Mykhailiuk,Substitution,,0,0,351,1629004-1630177-1630550-1631109-1631121,201937-1626224-1628386-1629731-1630596
22201218,480,PT03M14.00S,3,1610612739,CLE,203526,Neto,R. Neto,0,0,0,,0,65,62,127,h,Neto Free Throw 2 of 2 (2 PTS),Free Throw,Free Throw 2 of 2,1,0,352,1629004-1630177-1630550-1631109-1631121,201937-1626224-1628386-1629731-1630596
22201218,481,PT02M56.00S,3,1610612766,CHA,1630547,Bouknight,J. Bouknight,99,141,17,Made,1,65,64,129,v,Bouknight 17' Driving Floating Jump Shot (5 PTS) (Simmons 3 AST),Made Shot,Driving Floating Jump Shot,1,2,353,1629004-1630177-1630550-1631109-1631121,201937-1626224-1628386-1629731-1630596
22201218,482,PT02M41.00S,3,1610612739,CLE,1630241,Merrill,S. Merrill,2,252,25,Made,1,68,64,132,h,Merrill 25' 3PT Pullup Jump Shot (8 PTS) (Neto 3 AST),Made Shot,Pullup Jump shot,1,3,354,1629004-1630177-1630550-1631109-1631121,201937-1626224-1628386-1629731-1630596
22201218,484,PT02M24.00S,3,1610612766,CHA,1631121,McGowens,B. McGowens,0,0,0,,0,,,0,v,McGowens Traveling Turnover (P2.T11),Turnover,Traveling,1,0,355,1629004-1630177-1630550-1631109-1631121,201937-1626224-1628386-1629731-1630596
22201218,485,PT02M24.00S,3,0,,1610612766,,,0,0,0,,0,,,0,v,Hornets Timeout: Regular (Reg.4 Short 0),Timeout,Regular,0,0,356,1629004-1630177-1630550-1631109-1631121,201937-1626224-1628386-1629731-1630596
22201218,486,PT02M10.00S,3,1610612766,CHA,1631121,McGowens,B. McGowens,0,0,0,,0,,,0,v,McGowens P.FOUL (P1.PN) (B.Nansel),Foul,Personal,1,0,357,1629004-1630177-1630550-1631109-1631121,201937-1626224-1628386-1629731-1630596
22201218,488,PT02M10.00S,3,1610612739,CLE,1630241,Merrill,S. Merrill,0,0,0,,0,69,64,133,h,Merrill Free Throw 1 of 2 (9 PTS),Free Throw,Free Throw 1 of 2,1,0,358,1629004-1630177-1630550-1631109-1631121,201937-1626224-1628386-1629731-1630596
22201218,489,PT02M10.00S,3,1610612739,CLE,1630241,Merrill,S. Merrill,0,0,0,,0,70,64,134,h,Merrill Free Throw 2 of 2 (10 PTS),Free Throw,Free Throw 2 of 2,1,0,359,1629004-1630177-1630550-1631109-1631121,201937-1626224-1628386-1629731-1630596
22201218,490,PT01M59.00S,3,1610612766,CHA,1630547,Bouknight,J. Bouknight,-44,299,30,Made,1,70,67,137,v,Bouknight 30' 3PT Jump Shot (8 PTS) (McGowens 3 AST),Made Shot,Jump Shot,1,3,360,1629004-1630177-1630550-1631109-1631121,201937-1626224-1628386-1629731-1630596
22201218,492,PT01M40.00S,3,1610612739,CLE,1629731,Wade,D. Wade,-238,-2,24,Made,1,73,67,140,h,Wade 24' 3PT Jump Shot (9 PTS) (Diakite 1 AST),Made Shot,Jump Shot,1,3,361,1629004-1630177-1630550-1631109-1631121,201937-1626224-1628386-1629731-1630596
22201218,494,PT01M27.00S,3,1610612766,CHA,1630547,Bouknight,J. Bouknight,98,312,33,Missed,1,,,0,v,MISS Bouknight 33' 3PT Jump Shot,Missed Shot,Jump Shot,1,3,362,1629004-1630177-1630550-1631109-1631121,201937-1626224-1628386-1629731-1630596
22201218,495,PT01M24.00S,3,1610612739,CLE,1630241,Merrill,S. Merrill,0,0,0,,0,,,0,h,Merrill REBOUND (Off:0 Def:3),Rebound,Unknown,1,0,363,1629004-1630177-1630550-1631109-1631121,201937-1626224-1628386-1629731-1630596
22201218,496,PT01M17.00S,3,1610612739,CLE,1630241,Merrill,S. Merrill,89,247,26,Missed,1,,,0,h,MISS Merrill 26' 3PT Jump Shot,Missed Shot,Jump Shot,1,3,364,1629004-1630177-1630550-1631109-1631121,201937-1626224-1628386-1629731-1630596
22201218,497,PT01M15.00S,3,1610612766,CHA,1630208,Richards,N. Richards,0,0,0,,0,,,0,v,Richards REBOUND (Off:1 Def:3),Rebound,Unknown,1,0,365,1629004-1630177-1630550-1631109-1631121,201937-1626224-1628386-1629731-1630596
22201218,498,PT01M08.00S,3,1610612766,CHA,1630547,Bouknight,J. Bouknight,0,0,0,,0,,,0,v,Bouknight Step Out of Bounds Turnover (P1.T12),Turnover,Step Out of Bounds Turnover,1,0,366,1629004-1630177-1630550-1631109-1631121,201937-1626224-1628386-1629731-1630596
22201218,499,PT00M49.90S,3,1610612739,CLE,1629603,Diakite,M. Diakite,-54,156,17,Made,1,75,67,142,h,Diakite 17' Jump Shot (9 PTS) (Neto 4 AST),Made Shot,Jump Shot,1,2,367,1629004-1630177-1630550-1631109-1631121,201937-1626224-1628386-1629731-1630596
22201218,501,PT00M32.00S,3,1610612766,CHA,1631121,McGowens,B. McGowens,106,255,28,Made,1,75,70,145,v,McGowens 28' 3PT Step Back Jump Shot (15 PTS),Made Shot,Step Back Jump shot,1,3,368,1629004-1630177-1630550-1631109-1631121,201937-1626224-1628386-1629731-1630596
22201218,502,PT00M24.00S,3,1610612739,CLE,203526,Neto,R. Neto,83,245,26,Missed,1,,,0,h,MISS Neto 26' 3PT Pullup Jump Shot,Missed Shot,Pullup Jump shot,1,3,369,1629004-1630177-1630550-1631109-1631121,201937-1626224-1628386-1629731-1630596
22201218,503,PT00M24.00S,3,1610612766,CHA,1630539,Jones,K. Jones,0,0,0,,0,,,0,v,Jones REBOUND (Off:0 Def:1),Rebound,Unknown,1,0,370,1629004-1630177-1630550-1631109-1631121,201937-1626224-1628386-1629731-1630596
22201218,504,PT00M02.30S,3,1610612766,CHA,1630547,Bouknight,J. Bouknight,-83,251,26,Missed,1,,,0,v,MISS Bouknight 26' 3PT Step Back Jump Shot,Missed Shot,Step Back Jump shot,1,3,371,1629004-1630177-1630550-1631109-1631121,201937-1626224-1628386-1629731-1630596
22201218,505,PT00M02.30S,3,1610612739,CLE,1630205,Stevens,L. Stevens,0,0,0,,0,,,0,h,Stevens REBOUND (Off:0 Def:4),Rebound,Unknown,1,0,372,1629004-1630177-1630550-1631109-1631121,201937-1626224-1628386-1629731-1630596
22201218,506,PT00M00.00S,3,0,,0,,,0,0,0,,0,75,70,145,,End of 3rd Period (2:45 PM EST),period,end,1,0,373,1629004-1630177-1630550-1631109-1631121,201937-1626224-1628386-1629731-1630596
22201218,511,PT12M00.00S,4,0,,0,,,0,0,0,,0,75,70,145,,Start of 4th Period (2:48 PM EST),period,start,0,0,374,1629004-1630177-1630550-1631109-1631121,201937-1626224-1628386-1629731-1630596
22201218,540,PT12M00.00S,4,0,,501,,,0,0,0,,0,75,70,145,,Instant Replay4th Period (2:45 PM EST),Instant Replay,Replay Center,0,0,375,1629004-1630177-1630550-1631109-1631121,201937-1626224-1628386-1629731-1630596
22201218,512,PT11M45.00S,4,1610612766,CHA,1631121,McGowens,B. McGowens,31,126,13,Made,1,75,72,147,v,McGowens 13' Driving Floating Jump Shot (17 PTS) (Mykhailiuk 4 AST),Made Shot,Driving Floating Jump Shot,1,2,376,1629004-1630177-1630550-1631109-1631121,201937-1626224-1628386-1629731-1630596
22201218,514,PT11M45.00S,4,1610612739,CLE,1629603,Diakite,M. Diakite,0,0,0,,0,,,0,h,Diakite S.FOUL (P2.T1) (K.Cutler),Foul,Shooting,1,0,377,1629004-1630177-1630550-1631109-1631121,201937-1626224-1628386-1629731-1630596
22201218,516,PT11M45.00S,4,1610612766,CHA,1631121,McGowens,B. McGowens,0,0,0,,0,75,73,148,v,McGowens Free Throw 1 of 1 (18 PTS),Free Throw,Free Throw 1 of 1,1,0,378,1629004-1630177-1630550-1631109-1631121,201937-1626224-1628386-1629731-1630596
22201218,518,PT11M25.00S,4,1610612739,CLE,203526,Neto,R. Neto,45,48,7,Missed,1,,,0,h,MISS Neto 7' Driving Floating Bank Jump Shot,Missed Shot,Driving Floating Bank Jump Shot,1,2,379,1629004-1630177-1630550-1631109-1631121,201937-1626224-1628386-1629731-1630596
22201218,519,PT11M24.00S,4,1610612766,CHA,1630208,Richards,N. Richards,0,0,0,,0,,,0,v,Richards REBOUND (Off:1 Def:4),Rebound,Unknown,1,0,380,1629004-1630177-1630550-1631109-1631121,201937-1626224-1628386-1629731-1630596
22201218,520,PT11M12.00S,4,1610612766,CHA,1630177,Maledon,T. Maledon,64,96,12,Missed,1,,,0,v,MISS Maledon 12' Turnaround Jump Shot,Missed Shot,Turnaround Jump Shot,1,2,381,1629004-1630177-1630550-1631109-1631121,201937-1626224-1628386-1629731-1630596
22201218,521,PT11M09.00S,4,1610612766,CHA,1630208,Richards,N. Richards,0,0,0,,0,,,0,v,Richards REBOUND (Off:2 Def:4),Rebound,Unknown,1,0,382,1629004-1630177-1630550-1631109-1631121,201937-1626224-1628386-1629731-1630596
22201218,522,PT11M08.00S,4,1610612739,CLE,203526,Neto,R. Neto,0,0,0,,0,,,0,h,Neto S.FOUL (P4.T2) (B.Nansel),Foul,Shooting,1,0,383,1629004-1630177-1630550-1631109-1631121,201937-1626224-1628386-1629731-1630596
22201218,524,PT11M08.00S,4,1610612766,CHA,1631121,McGowens,B. McGowens,0,0,0,,0,75,74,149,v,McGowens Free Throw 1 of 2 (19 PTS),Free Throw,Free Throw 1 of 2,1,0,384,1629004-1630177-1630550-1631109-1631121,201937-1626224-1628386-1629731-1630596
22201218,525,PT11M08.00S,4,1610612766,CHA,1631121,McGowens,B. McGowens,0,0,0,,0,75,75,150,v,McGowens Free Throw 2 of 2 (20 PTS),Free Throw,Free Throw 2 of 2,0,0,385,1629004-1630177-1630550-1631109-1631121,201937-1626224-1628386-1629731-1630596
22201218,526,PT10M57.00S,4,1610612739,CLE,203526,Neto,R. Neto,-9,14,2,Made,1,77,75,152,h,Neto 2' Cutting Layup Shot (4 PTS) (Diakite 2 AST),Made Shot,Cutting Layup Shot,1,2,386,1629004-1630177-1630550-1631109-1631121,201937-1626224-1628386-1629731-1630596
22201218,528,PT10M42.00S,4,1610612766,CHA,1630208,Richards,N. Richards,-15,8,2,Made,1,77,77,154,v,Richards 2' Driving Layup (9 PTS) (Mykhailiuk 5 AST),Made Shot,Driving Layup Shot,1,2,387,1629004-1630177-1630550-1631109-1631121,201937-1626224-1628386-1629731-1630596
22201218,531,PT10M26.00S,4,1610612739,CLE,1630241,Merrill,S. Merrill,-9,11,1,Made,1,79,77,156,h,Merrill 1' Alley Oop Layup (12 PTS) (Neto 5 AST),Made Shot,Alley Oop Layup shot,1,2,388,1629004-1630177-1630550-1631109-1631121,201937-1626224-1628386-1629731-1630596
22201218,533,PT10M09.00S,4,1610612766,CHA,1631121,McGowens,B. McGowens,39,17,4,Made,1,79,79,158,v,McGowens 4' Driving Bank Hook Shot (22 PTS),Made Shot,Driving Bank Hook Shot,1,2,389,1629004-1630177-1630550-1631109-1631121,201937-1626224-1628386-1629731-1630596
22201218,534,PT09M59.00S,4,1610612739,CLE,1630241,Merrill,S. Merrill,-93,236,25,Missed,1,,,0,h,MISS Merrill 25' 3PT Jump Shot,Missed Shot,Jump Shot,1,3,390,1629004-1630177-1630550-1631109-1631121,201937-1626224-1628386-1629731-1630596
22201218,535,PT09M56.00S,4,1610612766,CHA,1630208,Richards,N. Richards,0,0,0,,0,,,0,v,Richards REBOUND (Off:2 Def:5),Rebound,Unknown,1,0,391,1629004-1630177-1630550-1631109-1631121,201937-1626224-1628386-1629731-1630596
22201218,536,PT09M49.00S,4,1610612766,CHA,1629004,Mykhailiuk,S. Mykhailiuk,-156,204,26,Made,1,79,82,161,v,Mykhailiuk 26' 3PT Pullup Jump Shot (13 PTS),Made Shot,Pullup Jump shot,1,3,392,1629004-1630177-1630550-1631109-1631121,201937-1626224-1628386-1629731-1630596
22201218,537,PT09M35.00S,4,1610612739,CLE,203526,Neto,R. Neto,0,0,0,,0,,,0,h,Neto Bad Pass Turnover (P2.T14),Turnover,Bad Pass,1,0,393,1629004-1630177-1630550-1631109-1631121,201937-1626224-1628386-1629731-1630596
22201218,537,PT09M35.00S,4,1610612766,CHA,1630208,Richards,N. Richards,0,0,0,,0,,,0,v,Richards STEAL (1 STL),,,1,0,394,1629004-1630177-1630550-1631109-1631121,201937-1626224-1628386-1629731-1630596
22201218,539,PT09M32.00S,4,1610612766,CHA,1629004,Mykhailiuk,S. Mykhailiuk,0,0,0,,0,,,0,v,Mykhailiuk Out of Bounds Lost Ball Turnover (P3.T13),Turnover,Out of Bounds Lost Ball Turnover,1,0,395,1629004-1630177-1630550-1631109-1631121,201937-1626224-1628386-1629731-1630596
22201218,541,PT09M32.00S,4,1610612739,CLE,1629731,Wade,D. Wade,0,0,0,,0,,,0,h,SUB: Green FOR Wade,Substitution,,0,0,396,1629004-1630177-1630550-1631109-1631121,201937-1626224-1628386-1629731-1630596
22201218,542,PT09M32.00S,4,1610612766,CHA,1631121,McGowens,B. McGowens,0,0,0,,0,,,0,v,SUB: Bouknight FOR McGowens,Substitution,,0,0,397,1629004-1630177-1630550-1631109-1631121,201937-1626224-1628386-1629731-1630596
22201218,545,PT09M15.00S,4,1610612739,CLE,1630241,Merrill,S. Merrill,157,205,26,Missed,1,,,0,h,MISS Merrill 26' 3PT Pullup Jump Shot,Missed Shot,Pullup Jump shot,1,3,398,1629004-1630177-1630550-1631109-1631121,201937-1626224-1628386-1629731-1630596
22201218,546,PT09M11.00S,4,1610612766,CHA,1630208,Richards,N. Richards,0,0,0,,0,,,0,v,Richards REBOUND (Off:2 Def:6),Rebound,Unknown,1,0,399,1629004-1630177-1630550-1631109-1631121,201937-1626224-1628386-1629731-1630596
22201218,547,PT09M07.00S,4,1610612766,CHA,1630208,Richards,N. Richards,0,0,0,,0,,,0,v,Richards Bad Pass Turnover (P3.T14),Turnover,Bad Pass,1,0,400,1629004-1630177-1630550-1631109-1631121,201937-1626224-1628386-1629731-1630596
22201218,547,PT09M07.00S,4,1610612739,CLE,1629603,Diakite,M. Diakite,0,0,0,,0,,,0,h,Diakite STEAL (1 STL),,,1,0,401,1629004-1630177-1630550-1631109-1631121,201937-1626224-1628386-1629731-1630596
22201218,549,PT08M58.00S,4,1610612739,CLE,1630205,Stevens,L. Stevens,51,100,11,Missed,1,,,0,h,MISS Stevens 11' Turnaround Fadeaway Shot,Missed Shot,Turnaround Fadeaway shot,1,2,402,1629004-1630177-1630550-1631109-1631121,201937-1626224-1628386-1629731-1630596
22201218,549,PT08M58.00S,4,1610612766,CHA,1630208,Richards,N. Richards,0,0,0,,0,,,0,v,Richards BLOCK (3 BLK),,,1,2,403,1629004-1630177-1630550-1631109-1631121,201937-1626224-1628386-1629731-1630596
22201218,551,PT08M53.00S,4,1610612739,CLE,1630205,Stevens,L. Stevens,0,0,0,,0,,,0,h,Stevens REBOUND (Off:1 Def:4),Rebound,Unknown,1,0,404,1629004-1630177-1630550-1631109-1631121,201937-1626224-1628386-1629731-1630596
22201218,552,PT08M52.00S,4,1610612739,CLE,1630241,Merrill,S. Merrill,-1,13,1,Made,1,81,82,163,h,Merrill 1' Cutting Layup Shot (14 PTS) (Diakite 3 AST),Made Shot,Cutting Layup Shot,1,2,405,1629004-1630177-1630550-1631109-1631121,201937-1626224-1628386-1629731-1630596
22201218,555,PT08M44.00S,4,0,,1610612766,,,0,0,0,,0,,,0,v,Hornets Timeout: Regular (Reg.5 Short 0),Timeout,Regular,0,0,406,1629004-1630177-1630550-1631109-1631121,201937-1626224-1628386-1629731-1630596
22201218,556,PT08M35.00S,4,1610612766,CHA,1630547,Bouknight,J. Bouknight,-230,52,24,Made,1,81,85,166,v,Bouknight 24' 3PT Jump Shot (11 PTS) (Mykhailiuk 6 AST),Made Shot,Jump Shot,1,3,407,1629004-1630177-1630550-1631109-1631121,201937-1626224-1628386-1629731-1630596
22201218,558,PT08M09.00S,4,1610612739,CLE,1629603,Diakite,M. Diakite,0,0,0,,0,,,0,h,Diakite Lost Ball Turnover (P1.T15),Turnover,Lost Ball,1,0,408,1629004-1630177-1630550-1631109-1631121,201937-1626224-1628386-1629731-1630596
22201218,558,PT08M09.00S,4,1610612766,CHA,1629004,Mykhailiuk,S. Mykhailiuk,0,0,0,,0,,,0,v,Mykhailiuk STEAL (2 STL),,,1,0,409,1629004-1630177-1630550-1631109-1631121,201937-1626224-1628386-1629731-1630596
22201218,560,PT08M01.00S,4,1610612766,CHA,1629004,Mykhailiuk,S. Mykhailiuk,-189,178,26,Made,1,81,88,169,v,Mykhailiuk 26' 3PT Jump Shot (16 PTS) (Maledon 5 AST),Made Shot,Jump Shot,1,3,410,1629004-1630177-1630550-1631109-1631121,201937-1626224-1628386-1629731-1630596
22201218,562,PT07M39.00S,4,1610612739,CLE,203526,Neto,R. Neto,159,195,25,Missed,1,,,0,h,MISS Neto 25' 3PT Pullup Jump Shot,Missed Shot,Pullup Jump shot,1,3,411,1629004-1630177-1630550-1631109-1631121,201937-1626224-1628386-1629731-1630596
22201218,563,PT07M37.00S,4,1610612766,CHA,1630539,Jones,K. Jones,0,0,0,,0,,,0,v,Jones REBOUND (Off:0 Def:2),Rebound,Unknown,1,0,412,1629004-1630177-1630550-1631109-1631121,201937-1626224-1628386-1629731-1630596
22201218,564,PT07M23.00S,4,1610612766,CHA,1630177,Maledon,T. Maledon,36,109,11,Made,1,81,90,171,v,Maledon 11' Pullup Jump Shot (14 PTS),Made Shot,Pullup Jump shot,1,2,413,1629004-1630177-1630550-1631109-1631121,201937-1626224-1628386-1629731-1630596
22201218,572,PT07M16.00S,4,1610612739,CLE,203526,Neto,R. Neto,54,15,6,Made,1,83,90,173,h,Neto 6' Pullup Jump Shot (6 PTS),Made Shot,Pullup Jump shot,1,2,414,1629004-1630177-1630550-1631109-1631121,201937-1626224-1628386-1629731-1630596
22201218,634,PT07M16.00S,4,1610612766,CHA,1630539,Jones,K. Jones,0,0,0,,0,,,0,v,Defensive Goaltending,Violation,Defensive Goaltending,1,0,415,1629004-1630177-1630550-1631109-1631121,201937-1626224-1628386-1629731-1630596
22201218,565,PT07M16.00S,4,1610612766,CHA,1630177,Maledon,T. Maledon,0,0,0,,0,,,0,v,Maledon S.FOUL (P3.T1) (B.Nansel),Foul,Shooting,1,0,416,1629004-1630177-1630550-1631109-1631121,201937-1626224-1628386-1629731-1630596
22201218,638,PT07M16.00S,4,1610612739,CLE,1629603,Diakite,M. Diakite,0,0,0,,0,,,0,h,SUB: Lopez FOR Diakite,Substitution,,0,0,417,1629004-1630177-1630550-1631109-1631121,201937-1626224-1628386-1629731-1630596
22201218,568,PT07M16.00S,4,1610612739,CLE,203526,Neto,R. Neto,0,0,0,,0,84,90,174,h,Neto Free Throw 1 of 1 (7 PTS),Free Throw,Free Throw 1 of 1,0,0,418,1629004-1630177-1630550-1631109-1631121,201937-1626224-1628386-1629731-1630596
22201218,569,PT07M05.00S,4,1610612739,CLE,1630241,Merrill,S. Merrill,0,0,0,,0,,,0,h,Merrill S.FOUL (P1.T3) (B.Nansel),Foul,Shooting,1,0,419,1629004-1630177-1630550-1631109-1631121,201937-1626224-1628386-1629731-1630596
22201218,571,PT07M05.00S,4,1610612766,CHA,1630208,Richards,N. Richards,0,0,0,,0,84,91,175,v,Richards Free Throw 1 of 2 (10 PTS),Free Throw,Free Throw 1 of 2,1,0,420,1629004-1630177-1630550-1631109-1631121,201937-1626224-1628386-1629731-1630596
22201218,573,PT07M05.00S,4,1610612766,CHA,1630539,Jones,K. Jones,0,0,0,,0,,,0,v,SUB: Thor FOR Jones,Substitution,,0,0,421,1629004-1630177-1630550-1631109-1631121,201937-1626224-1628386-1629731-1630596
22201218,575,PT07M05.00S,4,1610612766,CHA,1630208,Richards,N. Richards,0,0,0,,0,84,92,176,v,Richards Free Throw 2 of 2 (11 PTS),Free Throw,Free Throw 2 of 2,1,0,422,1629004-1630177-1630550-1631109-1631121,201937-1626224-1628386-1629731-1630596
22201218,576,PT06M55.00S,4,1610612739,CLE,201577,Lopez,R. Lopez,-29,6,3,Made,1,86,92,178,h,Lopez 3' Cutting Layup Shot (10 PTS) (Neto 6 AST),Made Shot,Cutting Layup Shot,1,2,423,1629004-1630177-1630550-1631109-1631121,201937-1626224-1628386-1629731-1630596
22201218,578,PT06M40.00S,4,1610612766,CHA,1630177,Maledon,T. Maledon,2,10,1,Made,1,86,94,180,v,Maledon 1' Driving Layup (16 PTS) (Richards 1 AST),Made Shot,Driving Layup Shot,1,2,424,1629004-1630177-1630550-1631109-1631121,201937-1626224-1628386-1629731-1630596
22201218,581,PT06M23.00S,4,1610612739,CLE,1630205,Stevens,L. Stevens,-82,9,8,Missed,1,,,0,h,MISS Stevens 8' Turnaround Fadeaway Shot,Missed Shot,Turnaround Fadeaway shot,1,2,425,1629004-1630177-1630550-1631109-1631121,201937-1626224-1628386-1629731-1630596
22201218,582,PT06M19.00S,4,1610612766,CHA,1630550,Thor,J. Thor,0,0,0,,0,,,0,v,Thor REBOUND (Off:0 Def:3),Rebound,Unknown,1,0,426,1629004-1630177-1630550-1631109-1631121,201937-1626224-1628386-1629731-1630596
22201218,583,PT06M16.00S,4,1610612766,CHA,1630177,Maledon,T. Maledon,0,0,0,,0,,,0,v,Maledon Out of Bounds - Bad Pass Turnover Turnover (P3.T15),Turnover,Out of Bounds - Bad Pass Turnover,1,0,427,1629004-1630177-1630550-1631109-1631121,201937-1626224-1628386-1629731-1630596
22201218,584,PT06M16.00S,4,1610612739,CLE,1630205,Stevens,L. Stevens,0,0,0,,0,,,0,h,SUB: I. Mobley FOR Stevens,Substitution,,0,0,428,1629004-1630177-1630550-1631109-1631121,201937-1626224-1628386-1629731-1630596
22201218,585,PT06M16.00S,4,1610612766,CHA,1630208,Richards,N. Richards,0,0,0,,0,,,0,v,SUB: Williams FOR Richards,Substitution,,0,0,429,1629004-1630177-1630550-1631109-1631121,201937-1626224-1628386-1629731-1630596
22201218,588,PT05M59.00S,4,1610612739,CLE,201577,Lopez,R. Lopez,77,35,8,Missed,1,,,0,h,MISS Lopez 8' Hook Shot,Missed Shot,Hook Shot,1,2,430,1629004-1630177-1630550-1631109-1631121,201937-1626224-1628386-1629731-1630596
22201218,589,PT05M55.00S,4,1610612739,CLE,201980,Green,D. Green,0,0,0,,0,,,0,h,Green REBOUND (Off:1 Def:2),Rebound,Unknown,1,0,431,1629004-1630177-1630550-1631109-1631121,201937-1626224-1628386-1629731-1630596
22201218,591,PT05M47.00S,4,1610612766,CHA,1629004,Mykhailiuk,S. Mykhailiuk,0,0,0,,0,,,0,v,SUB: McGowens FOR Mykhailiuk,Substitution,,0,0,432,1629004-1630177-1630550-1631109-1631121,201937-1626224-1628386-1629731-1630596
22201218,593,PT05M44.00S,4,1610612739,CLE,201577,Lopez,R. Lopez,-180,120,22,Missed,1,,,0,h,MISS Lopez 22' Jump Shot,Missed Shot,Jump Shot,1,2,433,1629004-1630177-1630550-1631109-1631121,201937-1626224-1628386-1629731-1630596
22201218,594,PT05M41.00S,4,1610612766,CHA,1630550,Thor,J. Thor,0,0,0,,0,,,0,v,Thor REBOUND (Off:0 Def:4),Rebound,Unknown,1,0,434,1629004-1630177-1630550-1631109-1631121,201937-1626224-1628386-1629731-1630596
22201218,595,PT05M31.00S,4,1610612739,CLE,201980,Green,D. Green,0,0,0,,0,,,0,h,Green S.FOUL (P5.T4) (B.Nansel),Foul,Shooting,1,0,435,1629004-1630177-1630550-1631109-1631121,201937-1626224-1628386-1629731-1630596
22201218,597,PT05M31.00S,4,1610612766,CHA,1630547,Bouknight,J. Bouknight,0,0,0,,0,86,95,181,v,Bouknight Free Throw 1 of 2 (12 PTS),Free Throw,Free Throw 1 of 2,1,0,436,1629004-1630177-1630550-1631109-1631121,201937-1626224-1628386-1629731-1630596
22201218,598,PT05M31.00S,4,1610612766,CHA,1630547,Bouknight,J. Bouknight,0,0,0,,0,,,0,v,MISS Bouknight Free Throw 2 of 2,Free Throw,Free Throw 2 of 2,1,0,437,1629004-1630177-1630550-1631109-1631121,201937-1626224-1628386-1629731-1630596
22201218,599,PT05M30.00S,4,1610612739,CLE,1630241,Merrill,S. Merrill,0,0,0,,0,,,0,h,Merrill REBOUND (Off:0 Def:4),Rebound,Unknown,1,0,438,1629004-1630177-1630550-1631109-1631121,201937-1626224-1628386-1629731-1630596
22201218,600,PT05M14.00S,4,1610612739,CLE,201980,Green,D. Green,143,234,27,Missed,1,,,0,h,MISS Green 27' 3PT Jump Shot,Missed Shot,Jump Shot,1,3,439,1629004-1630177-1630550-1631109-1631121,201937-1626224-1628386-1629731-1630596
22201218,601,PT05M11.00S,4,1610612766,CHA,1630550,Thor,J. Thor,0,0,0,,0,,,0,v,Thor REBOUND (Off:0 Def:5),Rebound,Unknown,1,0,440,1629004-1630177-1630550-1631109-1631121,201937-1626224-1628386-1629731-1630596
22201218,602,PT05M00.00S,4,1610612766,CHA,1631109,Williams,M. Williams,36,81,9,Made,1,86,97,183,v,Williams 9' Turnaround Jump Shot (18 PTS),Made Shot,Turnaround Jump Shot,1,2,441,1629004-1630177-1630550-1631109-1631121,201937-1626224-1628386-1629731-1630596
22201218,603,PT05M00.00S,4,1610612739,CLE,1630600,Mobley,I. Mobley,0,0,0,,0,,,0,h,I. Mobley S.FOUL (P3.PN) (M.Boland),Foul,Shooting,1,0,442,1629004-1630177-1630550-1631109-1631121,201937-1626224-1628386-1629731-1630596
22201218,605,PT05M00.00S,4,1610612766,CHA,1631109,Williams,M. Williams,0,0,0,,0,86,98,184,v,Williams Free Throw 1 of 1 (19 PTS),Free Throw,Free Throw 1 of 1,1,0,443,1629004-1630177-1630550-1631109-1631121,201937-1626224-1628386-1629731-1630596
22201218,606,PT04M43.00S,4,1610612739,CLE,203526,Neto,R. Neto,88,69,11,Made,1,88,98,186,h,Neto 11' Fadeaway Jumper (9 PTS),Made Shot,Fadeaway Jump Shot,1,2,444,1629004-1630177-1630550-1631109-1631121,201937-1626224-1628386-1629731-1630596
22201218,607,PT04M24.00S,4,1610612739,CLE,201577,Lopez,R. Lopez,0,0,0,,0,,,0,h,Lopez S.FOUL (P3.PN) (K.Cutler),Foul,Shooting,1,0,445,1629004-1630177-1630550-1631109-1631121,201937-1626224-1628386-1629731-1630596
22201218,609,PT04M24.00S,4,1610612766,CHA,1631109,Williams,M. Williams,0,0,0,,0,88,99,187,v,Williams Free Throw 1 of 2 (20 PTS),Free Throw,Free Throw 1 of 2,1,0,446,1629004-1630177-1630550-1631109-1631121,201937-1626224-1628386-1629731-1630596
22201218,610,PT04M24.00S,4,1610612766,CHA,1631109,Williams,M. Williams,0,0,0,,0,,,0,v,MISS Williams Free Throw 2 of 2,Free Throw,Free Throw 2 of 2,1,0,447,1629004-1630177-1630550-1631109-1631121,201937-1626224-1628386-1629731-1630596
22201218,611,PT04M21.00S,4,1610612739,CLE,1630600,Mobley,I. Mobley,0,0,0,,0,,,0,h,I. Mobley REBOUND (Off:1 Def:3),Rebound,Unknown,1,0,448,1629004-1630177-1630550-1631109-1631121,201937-1626224-1628386-1629731-1630596
22201218,612,PT04M08.00S,4,1610612739,CLE,201980,Green,D. Green,0,0,0,,0,,,0,h,Green Lost Ball Turnover (P3.T16),Turnover,Lost Ball,1,0,449,1629004-1630177-1630550-1631109-1631121,201937-1626224-1628386-1629731-1630596
22201218,612,PT04M08.00S,4,1610612766,CHA,1631121,McGowens,B. McGowens,0,0,0,,0,,,0,v,McGowens STEAL (2 STL),,,1,0,450,1629004-1630177-1630550-1631109-1631121,201937-1626224-1628386-1629731-1630596
22201218,614,PT04M05.00S,4,1610612766,CHA,1631121,McGowens,B. McGowens,0,0,0,,0,,,0,v,McGowens Lost Ball Turnover (P3.T16),Turnover,Lost Ball,1,0,451,1629004-1630177-1630550-1631109-1631121,201937-1626224-1628386-1629731-1630596
22201218,614,PT04M05.00S,4,1610612739,CLE,1630241,Merrill,S. Merrill,0,0,0,,0,,,0,h,Merrill STEAL (2 STL),,,1,0,452,1629004-1630177-1630550-1631109-1631121,201937-1626224-1628386-1629731-1630596
22201218,616,PT04M00.00S,4,1610612739,CLE,1630241,Merrill,S. Merrill,-100,227,25,Made,1,91,99,190,h,Merrill 25' 3PT Running Jump Shot (17 PTS) (Green 1 AST),Made Shot,Running Jump Shot,1,3,453,1629004-1630177-1630550-1631109-1631121,201937-1626224-1628386-1629731-1630596
22201218,618,PT03M36.00S,4,1610612766,CHA,1630550,Thor,J. Thor,61,55,8,Missed,1,,,0,v,MISS Thor 8' Pullup Jump Shot,Missed Shot,Pullup Jump shot,1,2,454,1629004-1630177-1630550-1631109-1631121,201937-1626224-1628386-1629731-1630596
22201218,619,PT03M33.00S,4,1610612739,CLE,201577,Lopez,R. Lopez,0,0,0,,0,,,0,h,Lopez REBOUND (Off:1 Def:2),Rebound,Unknown,1,0,455,1629004-1630177-1630550-1631109-1631121,201937-1626224-1628386-1629731-1630596
22201218,620,PT03M24.00S,4,1610612739,CLE,203526,Neto,R. Neto,-80,239,25,Missed,1,,,0,h,MISS Neto 25' 3PT Jump Shot,Missed Shot,Jump Shot,1,3,456,1629004-1630177-1630550-1631109-1631121,201937-1626224-1628386-1629731-1630596
22201218,621,PT03M21.00S,4,1610612766,CHA,1630550,Thor,J. Thor,0,0,0,,0,,,0,v,Thor REBOUND (Off:0 Def:6),Rebound,Unknown,1,0,457,1629004-1630177-1630550-1631109-1631121,201937-1626224-1628386-1629731-1630596
22201218,622,PT03M06.00S,4,1610612766,CHA,1631109,Williams,M. Williams,5,12,1,Made,1,91,101,192,v,Williams 1' Dunk (22 PTS) (McGowens 4 AST),Made Shot,Dunk Shot,1,2,458,1629004-1630177-1630550-1631109-1631121,201937-1626224-1628386-1629731-1630596
22201218,624,PT02M49.00S,4,1610612739,CLE,1630600,Mobley,I. Mobley,199,153,25,Missed,1,,,0,h,MISS I. Mobley 25' 3PT Jump Shot,Missed Shot,Jump Shot,1,3,459,1629004-1630177-1630550-1631109-1631121,201937-1626224-1628386-1629731-1630596
22201218,625,PT02M46.00S,4,1610612766,CHA,1631109,Williams,M. Williams,0,0,0,,0,,,0,v,Williams REBOUND (Off:1 Def:7),Rebound,Unknown,1,0,460,1629004-1630177-1630550-1631109-1631121,201937-1626224-1628386-1629731-1630596
22201218,626,PT02M38.00S,4,1610612766,CHA,1630177,Maledon,T. Maledon,-100,185,21,Missed,1,,,0,v,MISS Maledon 21' Pullup Jump Shot,Missed Shot,Pullup Jump shot,1,2,461,1629004-1630177-1630550-1631109-1631121,201937-1626224-1628386-1629731-1630596
22201218,627,PT02M34.00S,4,1610612739,CLE,201980,Green,D. Green,0,0,0,,0,,,0,h,Green REBOUND (Off:1 Def:3),Rebound,Unknown,1,0,462,1629004-1630177-1630550-1631109-1631121,201937-1626224-1628386-1629731-1630596
22201218,628,PT02M27.00S,4,1610612739,CLE,201577,Lopez,R. Lopez,141,250,29,Missed,1,,,0,h,MISS Lopez 29' 3PT Jump Shot,Missed Shot,Jump Shot,1,3,463,1629004-1630177-1630550-1631109-1631121,201937-1626224-1628386-1629731-1630596
22201218,629,PT02M24.00S,4,1610612766,CHA,1631109,Williams,M. Williams,0,0,0,,0,,,0,v,Williams REBOUND (Off:1 Def:8),Rebound,Unknown,1,0,464,1629004-1630177-1630550-1631109-1631121,201937-1626224-1628386-1629731-1630596
22201218,630,PT02M01.00S,4,1610612766,CHA,1630177,Maledon,T. Maledon,1,6,1,Made,1,91,103,194,v,Maledon 1' Driving Finger Roll Layup (18 PTS),Made Shot,Driving Finger Roll Layup Shot,1,2,465,1629004-1630177-1630550-1631109-1631121,201937-1626224-1628386-1629731-1630596
22201218,631,PT01M54.00S,4,1610612766,CHA,1630547,Bouknight,J. Bouknight,0,0,0,,0,,,0,v,Bouknight P.FOUL (P3.T2) (K.Cutler),Foul,Personal,1,0,466,1629004-1630177-1630550-1631109-1631121,201937-1626224-1628386-1629731-1630596
22201218,633,PT01M54.00S,4,0,,1610612739,,,0,0,0,,0,,,0,h,CAVALIERS Timeout: Regular (Full 4 Short 0),Timeout,Regular,0,0,467,1629004-1630177-1630550-1631109-1631121,201937-1626224-1628386-1629731-1630596
22201218,640,PT01M54.00S,4,1610612739,CLE,201577,Lopez,R. Lopez,0,0,0,,0,,,0,h,SUB: Diakite FOR Lopez,Substitution,,0,0,468,1629004-1630177-1630550-1631109-1631121,201937-1626224-1628386-1629731-1630596
22201218,641,PT01M54.00S,4,1610612766,CHA,1630547,Bouknight,J. Bouknight,0,0,0,,0,,,0,v,SUB: Mykhailiuk FOR Bouknight,Substitution,,0,0,469,1629004-1630177-1630550-1631109-1631121,201937-1626224-1628386-1629731-1630596
22201218,646,PT01M54.00S,4,1610612739,CLE,203526,Neto,R. Neto,0,0,0,,0,92,103,195,h,Neto Free Throw 1 of 2 (10 PTS),Free Throw,Free Throw 1 of 2,1,0,470,1629004-1630177-1630550-1631109-1631121,201937-1626224-1628386-1629731-1630596
22201218,647,PT01M54.00S,4,1610612739,CLE,203526,Neto,R. Neto,0,0,0,,0,93,103,196,h,Neto Free Throw 2 of 2 (11 PTS),Free Throw,Free Throw 2 of 2,1,0,471,1629004-1630177-1630550-1631109-1631121,201937-1626224-1628386-1629731-1630596
22201218,648,PT01M30.00S,4,1610612766,CHA,1631121,McGowens,B. McGowens,0,0,0,,0,,,0,v,McGowens Bad Pass Turnover (P4.T17),Turnover,Bad Pass,1,0,472,1629004-1630177-1630550-1631109-1631121,201937-1626224-1628386-1629731-1630596
22201218,648,PT01M30.00S,4,1610612739,CLE,203526,Neto,R. Neto,0,0,0,,0,,,0,h,Neto STEAL (1 STL),,,1,0,473,1629004-1630177-1630550-1631109-1631121,201937-1626224-1628386-1629731-1630596
22201218,650,PT01M28.00S,4,1610612739,CLE,203526,Neto,R. Neto,-1,26,3,Made,1,95,103,198,h,Neto 3' Running Layup (13 PTS),Made Shot,Running Layup Shot,1,2,474,1629004-1630177-1630550-1631109-1631121,201937-1626224-1628386-1629731-1630596
22201218,651,PT01M09.00S,4,1610612766,CHA,1631109,Williams,M. Williams,0,0,0,,0,,,0,v,Williams Lost Ball Turnover (P2.T18),Turnover,Lost Ball,1,0,475,1629004-1630177-1630550-1631109-1631121,201937-1626224-1628386-1629731-1630596
22201218,651,PT01M09.00S,4,1610612739,CLE,1630241,Merrill,S. Merrill,0,0,0,,0,,,0,h,Merrill STEAL (3 STL),,,1,0,476,1629004-1630177-1630550-1631109-1631121,201937-1626224-1628386-1629731-1630596
22201218,653,PT00M58.30S,4,1610612739,CLE,1630241,Merrill,S. Merrill,-148,209,26,Missed,1,,,0,h,MISS Merrill 26' 3PT Jump Shot,Missed Shot,Jump Shot,1,3,477,1629004-1630177-1630550-1631109-1631121,201937-1626224-1628386-1629731-1630596
22201218,654,PT00M57.40S,4,0,,1610612766,,,0,0,0,,0,,,0,v,Hornets Rebound,Rebound,Unknown,1,0,478,1629004-1630177-1630550-1631109-1631121,201937-1626224-1628386-1629731-1630596
22201218,656,PT00M39.50S,4,1610612766,CHA,1630550,Thor,J. Thor,240,59,25,Made,1,95,106,201,v,Thor 25' 3PT Jump Shot (5 PTS) (Maledon 6 AST),Made Shot,Jump Shot,1,3,479,1629004-1630177-1630550-1631109-1631121,201937-1626224-1628386-1629731-1630596
22201218,658,PT00M27.40S,4,1610612739,CLE,201980,Green,D. Green,44,248,25,Missed,1,,,0,h,MISS Green 25' 3PT Jump Shot,Missed Shot,Jump Shot,1,3,480,1629004-1630177-1630550-1631109-1631121,201937-1626224-1628386-1629731-1630596
22201218,659,PT00M24.30S,4,1610612766,CHA,1631109,Williams,M. Williams,0,0,0,,0,,,0,v,Williams REBOUND (Off:1 Def:9),Rebound,Unknown,1,0,481,1629004-1630177-1630550-1631109-1631121,201937-1626224-1628386-1629731-1630596
22201218,660,PT00M02.30S,4,0,,1610612766,,,0,0,0,,0,,,0,v,Hornets Turnover: Shot Clock (T#19),Turnover,Shot Clock Turnover,1,0,482,1629004-1630177-1630550-1631109-1631121,201937-1626224-1628386-1629731-1630596
22201218,661,PT00M00.00S,4,0,,0,,,0,0,0,,0,95,106,201,,End of 4th Period (3:13 PM EST),period,end,1,0,483,1629004-1630177-1630550-1631109-1631121,201937-1626224-1628386-1629731-1630596
22201226,2,PT12M00.00S,1,0,,0,,,0,0,0,,0,0,0,0,,Start of 1st Period (3:41 PM EST),period,start,0,0,1,1629723-1630533-1631223-1631246-1631254,1630215-1630526-1630544-1630846-1631172
22201226,4,PT12M00.00S,1,1610612760,OKC,1630846,Sarr,O. Sarr,0,0,0,,0,,,0,h,Jump Ball Sarr vs. Lofton Jr.: Tip to Mann,Jump Ball,,1,0,2,1629723-1630533-1631223-1631246-1631254,1630215-1630526-1630544-1630846-1631172
22201226,7,PT11M31.00S,1,0,,1610612760,,,0,0,0,,0,,,0,h,THUNDER Turnover: Shot Clock (T#1),Turnover,Shot Clock Turnover,1,0,3,1629723-1630533-1631223-1631246-1631254,1630215-1630526-1630544-1630846-1631172
22201226,8,PT11M12.00S,1,1610612763,MEM,1631223,Roddy,D. Roddy,-25,16,3,Made,1,0,2,2,v,Roddy 3' Driving Hook Shot (2 PTS),Made Shot,Driving Hook Shot,1,2,4,1629723-1630533-1631223-1631246-1631254,1630215-1630526-1630544-1630846-1631172
22201226,9,PT11M02.00S,1,1610612763,MEM,1631254,Lofton Jr.,K. Lofton Jr.,0,0,0,,0,,,0,v,Lofton Jr. P.FOUL (P1.T1) (S.Wright),Foul,Personal,1,0,5,1629723-1630533-1631223-1631246-1631254,1630215-1630526-1630544-1630846-1631172
22201226,11,PT10M49.00S,1,1610612760,OKC,1630544,Mann,T. Mann,0,0,0,,0,,,0,h,Mann Lost Ball Turnover (P1.T2),Turnover,Lost Ball,1,0,6,1629723-1630533-1631223-1631246-1631254,1630215-1630526-1630544-1630846-1631172
22201226,11,PT10M49.00S,1,1610612763,MEM,1629723,Konchar,J. Konchar,0,0,0,,0,,,0,v,Konchar STEAL (1 STL),,,1,0,7,1629723-1630533-1631223-1631246-1631254,1630215-1630526-1630544-1630846-1631172
22201226,13,PT10M44.00S,1,1610612763,MEM,1631223,Roddy,D. Roddy,168,194,26,Missed,1,,,0,v,MISS Roddy 26' 3PT Running Pull-Up Jump Shot,Missed Shot,Running Pull-Up Jump Shot,1,3,8,1629723-1630533-1631223-1631246-1631254,1630215-1630526-1630544-1630846-1631172
22201226,14,PT10M38.00S,1,1610612763,MEM,1631246,Williams Jr.,V. Williams Jr.,0,0,0,,0,,,0,v,Williams Jr. REBOUND (Off:1 Def:0),Rebound,Unknown,1,0,9,1629723-1630533-1631223-1631246-1631254,1630215-1630526-1630544-1630846-1631172
22201226,15,PT10M37.00S,1,1610612763,MEM,1629723,Konchar,J. Konchar,-228,-27,0,Missed,1,,,0,v,MISS Konchar 3PT Jump Shot,Missed Shot,Jump Shot,1,3,10,1629723-1630533-1631223-1631246-1631254,1630215-1630526-1630544-1630846-1631172
22201226,16,PT10M32.00S,1,1610612760,OKC,1631172,Dieng,O. Dieng,0,0,0,,0,,,0,h,Dieng REBOUND (Off:0 Def:1),Rebound,Unknown,1,0,11,1629723-1630533-1631223-1631246-1631254,1630215-1630526-1630544-1630846-1631172
22201226,17,PT10M26.00S,1,1610612760,OKC,1630544,Mann,T. Mann,0,0,0,,0,,,0,h,Mann Lost Ball Turnover (P2.T3),Turnover,Lost Ball,1,0,12,1629723-1630533-1631223-1631246-1631254,1630215-1630526-1630544-1630846-1631172
22201226,17,PT10M26.00S,1,1610612763,MEM,1631246,Williams Jr.,V. Williams Jr.,0,0,0,,0,,,0,v,Williams Jr. STEAL (1 STL),,,1,0,13,1629723-1630533-1631223-1631246-1631254,1630215-1630526-1630544-1630846-1631172
22201226,19,PT10M21.00S,1,1610612763,MEM,1631246,Williams Jr.,V. Williams Jr.,0,0,0,,0,,,0,v,Williams Jr. Offensive Charge Foul (P1) (N.Buchert),Foul,Offensive Charge,1,0,14,1629723-1630533-1631223-1631246-1631254,1630215-1630526-1630544-1630846-1631172
22201226,21,PT10M21.00S,1,1610612763,MEM,1631246,Williams Jr.,V. Williams Jr.,0,0,0,,0,,,0,v,Williams Jr. Offensive Foul Turnover (P1.T1),Turnover,Offensive Foul Turnover,1,0,15,1629723-1630533-1631223-1631246-1631254,1630215-1630526-1630544-1630846-1631172
22201226,22,PT10M12.00S,1,1610612760,OKC,1630526,Robinson-Earl,J. Robinson-Earl,-228,27,0,Missed,1,,,0,h,MISS Robinson-Earl 3PT Jump Shot,Missed Shot,Jump Shot,1,3,16,1629723-1630533-1631223-1631246-1631254,1630215-1630526-1630544-1630846-1631172
22201226,23,PT10M09.00S,1,1610612763,MEM,1631223,Roddy,D. Roddy,0,0,0,,0,,,0,v,Roddy REBOUND (Off:0 Def:1),Rebound,Unknown,1,0,17,1629723-1630533-1631223-1631246-1631254,1630215-1630526-1630544-1630846-1631172
22201226,24,PT09M59.00S,1,1610612763,MEM,1630533,Williams,Z. Williams,16,-1,2,Made,1,0,4,4,v,Williams 2' Driving Layup (2 PTS),Made Shot,Driving Layup Shot,1,2,18,1629723-1630533-1631223-1631246-1631254,1630215-1630526-1630544-1630846-1631172
22201226,25,PT09M50.00S,1,1610612760,OKC,1630215,Butler,J. Butler,121,233,26,Missed,1,,,0,h,MISS Butler 26' 3PT Pullup Jump Shot,Missed Shot,Pullup Jump shot,1,3,19,1629723-1630533-1631223-1631246-1631254,1630215-1630526-1630544-1630846-1631172
22201226,25,PT09M50.00S,1,1610612763,MEM,1630533,Williams,Z. Williams,0,0,0,,0,,,0,v,Williams BLOCK (1 BLK),,,1,3,20,1629723-1630533-1631223-1631246-1631254,1630215-1630526-1630544-1630846-1631172
22201226,27,PT09M47.00S,1,1610612763,MEM,1629723,Konchar,J. Konchar,0,0,0,,0,,,0,v,Konchar REBOUND (Off:0 Def:1),Rebound,Unknown,1,0,21,1629723-1630533-1631223-1631246-1631254,1630215-1630526-1630544-1630846-1631172
22201226,28,PT09M41.00S,1,1610612763,MEM,1631254,Lofton Jr.,K. Lofton Jr.,-137,61,15,Missed,1,,,0,v,MISS Lofton Jr. 15' Step Back Jump Shot,Missed Shot,Step Back Jump shot,1,2,22,1629723-1630533-1631223-1631246-1631254,1630215-1630526-1630544-1630846-1631172
22201226,29,PT09M37.00S,1,1610612760,OKC,1630526,Robinson-Earl,J. Robinson-Earl,0,0,0,,0,,,0,h,Robinson-Earl REBOUND (Off:0 Def:1),Rebound,Unknown,1,0,23,1629723-1630533-1631223-1631246-1631254,1630215-1630526-1630544-1630846-1631172
22201226,30,PT09M33.00S,1,1610612760,OKC,1630526,Robinson-Earl,J. Robinson-Earl,13,20,2,Made,1,2,4,6,h,Robinson-Earl 2' Running Layup (2 PTS),Made Shot,Running Layup Shot,1,2,24,1629723-1630533-1631223-1631246-1631254,1630215-1630526-1630544-1630846-1631172
22201226,31,PT09M10.00S,1,1610612763,MEM,1631254,Lofton Jr.,K. Lofton Jr.,137,206,25,Missed,1,,,0,v,MISS Lofton Jr. 25' 3PT Jump Shot,Missed Shot,Jump Shot,1,3,25,1629723-1630533-1631223-1631246-1631254,1630215-1630526-1630544-1630846-1631172
22201226,32,PT09M06.00S,1,1610612763,MEM,1629723,Konchar,J. Konchar,0,0,0,,0,,,0,v,Konchar REBOUND (Off:1 Def:1),Rebound,Unknown,1,0,26,1629723-1630533-1631223-1631246-1631254,1630215-1630526-1630544-1630846-1631172
22201226,33,PT09M02.00S,1,1610612763,MEM,1630533,Williams,Z. Williams,218,129,25,Missed,1,,,0,v,MISS Williams 25' 3PT Jump Shot,Missed Shot,Jump Shot,1,3,27,1629723-1630533-1631223-1631246-1631254,1630215-1630526-1630544-1630846-1631172
22201226,34,PT09M00.00S,1,0,,1610612760,,,0,0,0,,0,,,0,h,THUNDER Rebound,Rebound,Unknown,1,0,28,1629723-1630533-1631223-1631246-1631254,1630215-1630526-1630544-1630846-1631172
22201226,35,PT08M47.00S,1,1610612763,MEM,1631254,Lofton Jr.,K. Lofton Jr.,0,0,0,,0,,,0,v,Lofton Jr. P.FOUL (P2.T2) (N.Buchert),Foul,Personal,1,0,29,1629723-1630533-1631223-1631246-1631254,1630215-1630526-1630544-1630846-1631172
22201226,37,PT08M47.00S,1,1610612763,MEM,1631254,Lofton Jr.,K. Lofton Jr.,0,0,0,,0,,,0,v,SUB: Gilyard FOR Lofton Jr.,Substitution,,0,0,30,1629723-1630533-1631223-1631246-1631254,1630215-1630526-1630544-1630846-1631172
22201226,39,PT08M36.00S,1,1610612760,OKC,1630215,Butler,J. Butler,5,12,1,Made,1,4,4,8,h,Butler 1' Driving Finger Roll Layup (2 PTS),Made Shot,Driving Finger Roll Layup Shot,1,2,31,1629723-1630533-1631223-1631246-1631254,1630215-1630526-1630544-1630846-1631172
22201226,40,PT08M24.00S,1,1610612763,MEM,1631246,Williams Jr.,V. Williams Jr.,-233,115,26,Missed,1,,,0,v,MISS Williams Jr. 26' 3PT Jump Shot,Missed Shot,Jump Shot,1,3,32,1629723-1630533-1631223-1631246-1631254,1630215-1630526-1630544-1630846-1631172
22201226,41,PT08M23.00S,1,1610612760,OKC,1630846,Sarr,O. Sarr,0,0,0,,0,,,0,h,Sarr REBOUND (Off:0 Def:1),Rebound,Unknown,1,0,33,1629723-1630533-1631223-1631246-1631254,1630215-1630526-1630544-1630846-1631172
22201226,42,PT08M09.00S,1,1610612760,OKC,1631172,Dieng,O. Dieng,25,6,3,Made,1,6,4,10,h,Dieng 3' Driving Layup (2 PTS),Made Shot,Driving Layup Shot,1,2,34,1629723-1630533-1631223-1631246-1631254,1630215-1630526-1630544-1630846-1631172
22201226,43,PT07M57.00S,1,1610612763,MEM,1630533,Williams,Z. Williams,92,29,10,Missed,1,,,0,v,MISS Williams 10' Driving Floating Bank Jump Shot,Missed Shot,Driving Floating Bank Jump Shot,1,2,35,1629723-1630533-1631223-1631246-1631254,1630215-1630526-1630544-1630846-1631172
22201226,44,PT07M55.00S,1,1610612760,OKC,1630544,Mann,T. Mann,0,0,0,,0,,,0,h,Mann REBOUND (Off:0 Def:1),Rebound,Unknown,1,0,36,1629723-1630533-1631223-1631246-1631254,1630215-1630526-1630544-1630846-1631172
22201226,45,PT07M48.00S,1,1610612760,OKC,1630544,Mann,T. Mann,78,262,27,Made,1,9,4,13,h,Mann 27' 3PT Step Back Jump Shot (3 PTS),Made Shot,Step Back Jump shot,1,3,37,1629723-1630533-1631223-1631246-1631254,1630215-1630526-1630544-1630846-1631172
22201226,46,PT07M34.00S,1,1610612760,OKC,1630846,Sarr,O. Sarr,0,0,0,,0,,,0,h,Sarr P.FOUL (P1.T1) (N.Buchert),Foul,Personal,1,0,38,1629723-1630533-1631223-1631246-1631254,1630215-1630526-1630544-1630846-1631172
22201226,48,PT07M23.00S,1,1610612763,MEM,1631246,Williams Jr.,V. Williams Jr.,-26,4,3,Missed,1,,,0,v,MISS Williams Jr. 3' Driving Layup,Missed Shot,Driving Layup Shot,1,2,39,1629723-1630533-1631223-1631246-1631254,1630215-1630526-1630544-1630846-1631172
22201226,49,PT07M22.00S,1,1610612760,OKC,1630526,Robinson-Earl,J. Robinson-Earl,0,0,0,,0,,,0,h,Robinson-Earl REBOUND (Off:0 Def:2),Rebound,Unknown,1,0,40,1629723-1630533-1631223-1631246-1631254,1630215-1630526-1630544-1630846-1631172
22201226,50,PT07M16.00S,1,1610612760,OKC,1630215,Butler,J. Butler,-163,201,26,Missed,1,,,0,h,MISS Butler 26' 3PT Step Back Jump Shot,Missed Shot,Step Back Jump shot,1,3,41,1629723-1630533-1631223-1631246-1631254,1630215-1630526-1630544-1630846-1631172
22201226,51,PT07M13.00S,1,1610612763,MEM,1629723,Konchar,J. Konchar,0,0,0,,0,,,0,v,Konchar REBOUND (Off:1 Def:2),Rebound,Unknown,1,0,42,1629723-1630533-1631223-1631246-1631254,1630215-1630526-1630544-1630846-1631172
22201226,52,PT07M09.00S,1,1610612763,MEM,1630533,Williams,Z. Williams,-15,-5,2,Made,1,9,6,15,v,Williams 2' Cutting Layup Shot (4 PTS) (Konchar 1 AST),Made Shot,Cutting Layup Shot,1,2,43,1629723-1630533-1631223-1631246-1631254,1630215-1630526-1630544-1630846-1631172
22201226,54,PT06M53.00S,1,1610612760,OKC,1631172,Dieng,O. Dieng,-16,13,2,Missed,1,,,0,h,MISS Dieng 2' Turnaround Jump Shot,Missed Shot,Turnaround Jump Shot,1,2,44,1629723-1630533-1631223-1631246-1631254,1630215-1630526-1630544-1630846-1631172
22201226,55,PT06M51.00S,1,1610612763,MEM,1630533,Williams,Z. Williams,0,0,0,,0,,,0,v,Williams REBOUND (Off:0 Def:1),Rebound,Unknown,1,0,45,1629723-1630533-1631223-1631246-1631254,1630215-1630526-1630544-1630846-1631172
22201226,56,PT06M44.00S,1,1610612763,MEM,1630533,Williams,Z. Williams,-9,251,25,Made,1,9,9,18,v,Williams 25' 3PT Step Back Jump Shot (7 PTS),Made Shot,Step Back Jump shot,1,3,46,1629723-1630533-1631223-1631246-1631254,1630215-1630526-1630544-1630846-1631172
22201226,57,PT06M27.00S,1,1610612763,MEM,1630533,Williams,Z. Williams,0,0,0,,0,,,0,v,Williams S.FOUL (P1.T3) (N.Buchert),Foul,Shooting,1,0,47,1629723-1630533-1631223-1631246-1631254,1630215-1630526-1630544-1630846-1631172
22201226,59,PT06M27.00S,1,0,,1610612760,,,0,0,0,,0,,,0,h,THUNDER Timeout: Regular (Full 1 Short 0),Timeout,Regular,0,0,48,1629723-1630533-1631223-1631246-1631254,1630215-1630526-1630544-1630846-1631172
22201226,60,PT06M27.00S,1,1610612760,OKC,1630526,Robinson-Earl,J. Robinson-Earl,0,0,0,,0,10,9,19,h,Robinson-Earl Free Throw 1 of 2 (3 PTS),Free Throw,Free Throw 1 of 2,1,0,49,1629723-1630533-1631223-1631246-1631254,1630215-1630526-1630544-1630846-1631172
22201226,61,PT06M27.00S,1,1610612760,OKC,1630526,Robinson-Earl,J. Robinson-Earl,0,0,0,,0,11,9,20,h,Robinson-Earl Free Throw 2 of 2 (4 PTS),Free Throw,Free Throw 2 of 2,1,0,50,1629723-1630533-1631223-1631246-1631254,1630215-1630526-1630544-1630846-1631172
22201226,62,PT06M12.00S,1,1610612763,MEM,1631223,Roddy,D. Roddy,37,68,8,Missed,1,,,0,v,MISS Roddy 8' Driving Layup,Missed Shot,Driving Layup Shot,1,2,51,1629723-1630533-1631223-1631246-1631254,1630215-1630526-1630544-1630846-1631172
22201226,63,PT06M09.00S,1,1610612760,OKC,1630846,Sarr,O. Sarr,0,0,0,,0,,,0,h,Sarr REBOUND (Off:0 Def:2),Rebound,Unknown,1,0,52,1629723-1630533-1631223-1631246-1631254,1630215-1630526-1630544-1630846-1631172
22201226,64,PT06M03.00S,1,1610612760,OKC,1631172,Dieng,O. Dieng,114,238,26,Missed,1,,,0,h,MISS Dieng 26' 3PT Jump Shot,Missed Shot,Jump Shot,1,3,53,1629723-1630533-1631223-1631246-1631254,1630215-1630526-1630544-1630846-1631172
22201226,65,PT06M02.00S,1,1610612760,OKC,1630526,Robinson-Earl,J. Robinson-Earl,0,0,0,,0,,,0,h,Robinson-Earl REBOUND (Off:1 Def:2),Rebound,Unknown,1,0,54,1629723-1630533-1631223-1631246-1631254,1630215-1630526-1630544-1630846-1631172
22201226,106,PT06M02.00S,1,1610612760,OKC,1630526,Robinson-Earl,J. Robinson-Earl,-5,13,1,Missed,1,,,0,h,MISS Robinson-Earl 1' Tip Layup Shot,Missed Shot,Tip Layup Shot,1,2,55,1629723-1630533-1631223-1631246-1631254,1630215-1630526-1630544-1630846-1631172
22201226,106,PT06M02.00S,1,1610612763,MEM,1631246,Williams Jr.,V. Williams Jr.,0,0,0,,0,,,0,v,Williams Jr. BLOCK (1 BLK),,,1,2,56,1629723-1630533-1631223-1631246-1631254,1630215-1630526-1630544-1630846-1631172
22201226,108,PT06M02.00S,1,1610612763,MEM,1631246,Williams Jr.,V. Williams Jr.,0,0,0,,0,,,0,v,Williams Jr. REBOUND (Off:1 Def:1),Rebound,Unknown,1,0,57,1629723-1630533-1631223-1631246-1631254,1630215-1630526-1630544-1630846-1631172
22201226,66,PT05M49.00S,1,1610612763,MEM,1631246,Williams Jr.,V. Williams Jr.,-223,-10,0,Missed,1,,,0,v,MISS Williams Jr. 3PT Jump Shot,Missed Shot,Jump Shot,1,3,58,1629723-1630533-1631223-1631246-1631254,1630215-1630526-1630544-1630846-1631172
22201226,67,PT05M46.00S,1,1610612760,OKC,1631172,Dieng,O. Dieng,0,0,0,,0,,,0,h,Dieng REBOUND (Off:0 Def:2),Rebound,Unknown,1,0,59,1629723-1630533-1631223-1631246-1631254,1630215-1630526-1630544-1630846-1631172
22201226,68,PT05M31.00S,1,1610612760,OKC,1631172,Dieng,O. Dieng,-47,273,28,Missed,1,,,0,h,MISS Dieng 28' 3PT Jump Shot,Missed Shot,Jump Shot,1,3,60,1629723-1630533-1631223-1631246-1631254,1630215-1630526-1630544-1630846-1631172
22201226,69,PT05M29.00S,1,1610612763,MEM,1631367,Gilyard,J. Gilyard,0,0,0,,0,,,0,v,Gilyard REBOUND (Off:0 Def:1),Rebound,Unknown,1,0,61,1629723-1630533-1631223-1631246-1631254,1630215-1630526-1630544-1630846-1631172
22201226,70,PT05M22.00S,1,1610612763,MEM,1631223,Roddy,D. Roddy,-224,-18,0,Missed,1,,,0,v,MISS Roddy 3PT Jump Shot,Missed Shot,Jump Shot,1,3,62,1629723-1630533-1631223-1631246-1631254,1630215-1630526-1630544-1630846-1631172